run	family	rung	budget	consensus_n	prediction	bound
CWhiteFocus_AutoFocus_20220429_000244_attempt01	A	0.00	1	0	N/A	budget-0 row (nothing to suppress)
CWhiteFocus_AutoFocus_20220429_000244_attempt01	A	0.00	2	0	N/A	budget-0 row (nothing to suppress)
CWhiteFocus_AutoFocus_20220429_000244_attempt01	A	0.00	3	0	N/A	budget-0 row (nothing to suppress)
CWhiteFocus_AutoFocus_20220429_000244_attempt01	A	0.25	1	0	N/A	budget-0 row (nothing to suppress)
CWhiteFocus_AutoFocus_20220429_000244_attempt01	A	0.25	2	0	N/A	budget-0 row (nothing to suppress)
CWhiteFocus_AutoFocus_20220429_000244_attempt01	A	0.25	3	0	N/A	budget-0 row (nothing to suppress)
CWhiteFocus_AutoFocus_20220429_000244_attempt01	A	0.50	1	0	N/A	budget-0 row (nothing to suppress)
CWhiteFocus_AutoFocus_20220429_000244_attempt01	A	0.50	2	0	N/A	budget-0 row (nothing to suppress)
CWhiteFocus_AutoFocus_20220429_000244_attempt01	A	0.50	3	0	N/A	budget-0 row (nothing to suppress)
CWhiteFocus_AutoFocus_20220429_000244_attempt01	A	1.00	1	0	N/A	budget-0 row (nothing to suppress)
CWhiteFocus_AutoFocus_20220429_000244_attempt01	A	1.00	2	0	N/A	budget-0 row (nothing to suppress)
CWhiteFocus_AutoFocus_20220429_000244_attempt01	A	1.00	3	0	N/A	budget-0 row (nothing to suppress)
CWhiteFocus_AutoFocus_20220429_000244_attempt01	B	0.50	1	0	N/A	budget-0 row (nothing to suppress)
CWhiteFocus_AutoFocus_20220429_000244_attempt01	B	0.50	2	0	N/A	budget-0 row (nothing to suppress)
CWhiteFocus_AutoFocus_20220429_000244_attempt01	B	0.50	3	0	N/A	budget-0 row (nothing to suppress)
CWhiteFocus_AutoFocus_20220429_000244_attempt01	B	1.00	1	0	N/A	budget-0 row (nothing to suppress)
CWhiteFocus_AutoFocus_20220429_000244_attempt01	B	1.00	2	0	N/A	budget-0 row (nothing to suppress)
CWhiteFocus_AutoFocus_20220429_000244_attempt01	B	1.00	3	0	N/A	budget-0 row (nothing to suppress)
D01_ultrawide_40mm	A	0.00	1	1	INDETERMINATE	one of printed budget rows 0..1 (other 3 models' scales are not printed)
D01_ultrawide_40mm	A	0.00	2	2	INDETERMINATE	one of printed budget rows 0..2 (other 3 models' scales are not printed)
D01_ultrawide_40mm	A	0.00	3	2	INDETERMINATE	one of printed budget rows 0..2 (other 3 models' scales are not printed)
D01_ultrawide_40mm	A	0.25	1	1	INDETERMINATE	one of printed budget rows 0..1 (other 3 models' scales are not printed)
D01_ultrawide_40mm	A	0.25	2	2	INDETERMINATE	one of printed budget rows 0..2 (other 3 models' scales are not printed)
D01_ultrawide_40mm	A	0.25	3	2	INDETERMINATE	one of printed budget rows 0..2 (other 3 models' scales are not printed)
D01_ultrawide_40mm	A	0.50	1	1	INDETERMINATE	one of printed budget rows 0..1 (other 3 models' scales are not printed)
D01_ultrawide_40mm	A	0.50	2	2	INDETERMINATE	one of printed budget rows 0..2 (other 3 models' scales are not printed)
D01_ultrawide_40mm	A	0.50	3	2	INDETERMINATE	one of printed budget rows 0..2 (other 3 models' scales are not printed)
D01_ultrawide_40mm	A	1.00	1	1	SUPPRESSED	= printed budget-0 row (EXACT: the printed model is one of the four consensus candidates, so the intersection is empty)
D01_ultrawide_40mm	A	1.00	2	2	SUPPRESSED	= printed budget-0 row (EXACT: the printed model is one of the four consensus candidates, so the intersection is empty)
D01_ultrawide_40mm	A	1.00	3	2	SUPPRESSED	= printed budget-0 row (EXACT: the printed model is one of the four consensus candidates, so the intersection is empty)
D01_ultrawide_40mm	B	0.50	1	1	INDETERMINATE	one of printed budget rows 0..1 (other 3 models' scales are not printed)
D01_ultrawide_40mm	B	0.50	2	2	INDETERMINATE	one of printed budget rows 0..2 (other 3 models' scales are not printed)
D01_ultrawide_40mm	B	0.50	3	2	INDETERMINATE	one of printed budget rows 0..2 (other 3 models' scales are not printed)
D01_ultrawide_40mm	B	1.00	1	1	INDETERMINATE	one of printed budget rows 0..1 (other 3 models' scales are not printed)
D01_ultrawide_40mm	B	1.00	2	2	INDETERMINATE	one of printed budget rows 0..1 (other 3 models' scales are not printed)
D01_ultrawide_40mm	B	1.00	3	2	INDETERMINATE	one of printed budget rows 0..1 (other 3 models' scales are not printed)
D02_rich_135mm	A	0.00	1	0	N/A	budget-0 row (nothing to suppress)
D02_rich_135mm	A	0.00	2	0	N/A	budget-0 row (nothing to suppress)
D02_rich_135mm	A	0.00	3	0	N/A	budget-0 row (nothing to suppress)
D02_rich_135mm	A	0.25	1	0	N/A	budget-0 row (nothing to suppress)
D02_rich_135mm	A	0.25	2	0	N/A	budget-0 row (nothing to suppress)
D02_rich_135mm	A	0.25	3	0	N/A	budget-0 row (nothing to suppress)
D02_rich_135mm	A	0.50	1	0	N/A	budget-0 row (nothing to suppress)
D02_rich_135mm	A	0.50	2	0	N/A	budget-0 row (nothing to suppress)
D02_rich_135mm	A	0.50	3	0	N/A	budget-0 row (nothing to suppress)
D02_rich_135mm	A	1.00	1	0	N/A	budget-0 row (nothing to suppress)
D02_rich_135mm	A	1.00	2	0	N/A	budget-0 row (nothing to suppress)
D02_rich_135mm	A	1.00	3	0	N/A	budget-0 row (nothing to suppress)
D02_rich_135mm	B	0.50	1	0	N/A	budget-0 row (nothing to suppress)
D02_rich_135mm	B	0.50	2	0	N/A	budget-0 row (nothing to suppress)
D02_rich_135mm	B	0.50	3	0	N/A	budget-0 row (nothing to suppress)
D02_rich_135mm	B	1.00	1	0	N/A	budget-0 row (nothing to suppress)
D02_rich_135mm	B	1.00	2	0	N/A	budget-0 row (nothing to suppress)
D02_rich_135mm	B	1.00	3	0	N/A	budget-0 row (nothing to suppress)
D03_redcat_250mm	A	0.00	1	0	N/A	budget-0 row (nothing to suppress)
D03_redcat_250mm	A	0.00	2	0	N/A	budget-0 row (nothing to suppress)
D03_redcat_250mm	A	0.00	3	0	N/A	budget-0 row (nothing to suppress)
D03_redcat_250mm	A	0.25	1	0	N/A	budget-0 row (nothing to suppress)
D03_redcat_250mm	A	0.25	2	0	N/A	budget-0 row (nothing to suppress)
D03_redcat_250mm	A	0.25	3	0	N/A	budget-0 row (nothing to suppress)
D03_redcat_250mm	A	0.50	1	0	N/A	budget-0 row (nothing to suppress)
D03_redcat_250mm	A	0.50	2	0	N/A	budget-0 row (nothing to suppress)
D03_redcat_250mm	A	0.50	3	0	N/A	budget-0 row (nothing to suppress)
D03_redcat_250mm	A	1.00	1	0	N/A	budget-0 row (nothing to suppress)
D03_redcat_250mm	A	1.00	2	0	N/A	budget-0 row (nothing to suppress)
D03_redcat_250mm	A	1.00	3	0	N/A	budget-0 row (nothing to suppress)
D03_redcat_250mm	B	0.50	1	0	N/A	budget-0 row (nothing to suppress)
D03_redcat_250mm	B	0.50	2	0	N/A	budget-0 row (nothing to suppress)
D03_redcat_250mm	B	0.50	3	0	N/A	budget-0 row (nothing to suppress)
D03_redcat_250mm	B	1.00	1	0	N/A	budget-0 row (nothing to suppress)
D03_redcat_250mm	B	1.00	2	0	N/A	budget-0 row (nothing to suppress)
D03_redcat_250mm	B	1.00	3	0	N/A	budget-0 row (nothing to suppress)
D04_esprit_550mm	A	0.00	1	0	N/A	budget-0 row (nothing to suppress)
D04_esprit_550mm	A	0.00	2	0	N/A	budget-0 row (nothing to suppress)
D04_esprit_550mm	A	0.00	3	0	N/A	budget-0 row (nothing to suppress)
D04_esprit_550mm	A	0.25	1	0	N/A	budget-0 row (nothing to suppress)
D04_esprit_550mm	A	0.25	2	0	N/A	budget-0 row (nothing to suppress)
D04_esprit_550mm	A	0.25	3	0	N/A	budget-0 row (nothing to suppress)
D04_esprit_550mm	A	0.50	1	0	N/A	budget-0 row (nothing to suppress)
D04_esprit_550mm	A	0.50	2	0	N/A	budget-0 row (nothing to suppress)
D04_esprit_550mm	A	0.50	3	0	N/A	budget-0 row (nothing to suppress)
D04_esprit_550mm	A	1.00	1	0	N/A	budget-0 row (nothing to suppress)
D04_esprit_550mm	A	1.00	2	0	N/A	budget-0 row (nothing to suppress)
D04_esprit_550mm	A	1.00	3	0	N/A	budget-0 row (nothing to suppress)
D04_esprit_550mm	B	0.50	1	0	N/A	budget-0 row (nothing to suppress)
D04_esprit_550mm	B	0.50	2	0	N/A	budget-0 row (nothing to suppress)
D04_esprit_550mm	B	0.50	3	0	N/A	budget-0 row (nothing to suppress)
D04_esprit_550mm	B	1.00	1	0	N/A	budget-0 row (nothing to suppress)
D04_esprit_550mm	B	1.00	2	0	N/A	budget-0 row (nothing to suppress)
D04_esprit_550mm	B	1.00	3	0	N/A	budget-0 row (nothing to suppress)
D05_tec140_1000mm	A	0.00	1	0	N/A	budget-0 row (nothing to suppress)
D05_tec140_1000mm	A	0.00	2	0	N/A	budget-0 row (nothing to suppress)
D05_tec140_1000mm	A	0.00	3	0	N/A	budget-0 row (nothing to suppress)
D05_tec140_1000mm	A	0.25	1	0	N/A	budget-0 row (nothing to suppress)
D05_tec140_1000mm	A	0.25	2	0	N/A	budget-0 row (nothing to suppress)
D05_tec140_1000mm	A	0.25	3	0	N/A	budget-0 row (nothing to suppress)
D05_tec140_1000mm	A	0.50	1	0	N/A	budget-0 row (nothing to suppress)
D05_tec140_1000mm	A	0.50	2	0	N/A	budget-0 row (nothing to suppress)
D05_tec140_1000mm	A	0.50	3	0	N/A	budget-0 row (nothing to suppress)
D05_tec140_1000mm	A	1.00	1	0	N/A	budget-0 row (nothing to suppress)
D05_tec140_1000mm	A	1.00	2	0	N/A	budget-0 row (nothing to suppress)
D05_tec140_1000mm	A	1.00	3	0	N/A	budget-0 row (nothing to suppress)
D05_tec140_1000mm	B	0.50	1	0	N/A	budget-0 row (nothing to suppress)
D05_tec140_1000mm	B	0.50	2	0	N/A	budget-0 row (nothing to suppress)
D05_tec140_1000mm	B	0.50	3	0	N/A	budget-0 row (nothing to suppress)
D05_tec140_1000mm	B	1.00	1	0	N/A	budget-0 row (nothing to suppress)
D05_tec140_1000mm	B	1.00	2	0	N/A	budget-0 row (nothing to suppress)
D05_tec140_1000mm	B	1.00	3	0	N/A	budget-0 row (nothing to suppress)
D06_sparse_1000mm	A	0.00	1	0	N/A	budget-0 row (nothing to suppress)
D06_sparse_1000mm	A	0.00	2	0	N/A	budget-0 row (nothing to suppress)
D06_sparse_1000mm	A	0.00	3	0	N/A	budget-0 row (nothing to suppress)
D06_sparse_1000mm	A	0.25	1	0	N/A	budget-0 row (nothing to suppress)
D06_sparse_1000mm	A	0.25	2	0	N/A	budget-0 row (nothing to suppress)
D06_sparse_1000mm	A	0.25	3	0	N/A	budget-0 row (nothing to suppress)
D06_sparse_1000mm	A	0.50	1	0	N/A	budget-0 row (nothing to suppress)
D06_sparse_1000mm	A	0.50	2	0	N/A	budget-0 row (nothing to suppress)
D06_sparse_1000mm	A	0.50	3	0	N/A	budget-0 row (nothing to suppress)
D06_sparse_1000mm	A	1.00	1	0	N/A	budget-0 row (nothing to suppress)
D06_sparse_1000mm	A	1.00	2	0	N/A	budget-0 row (nothing to suppress)
D06_sparse_1000mm	A	1.00	3	0	N/A	budget-0 row (nothing to suppress)
D06_sparse_1000mm	B	0.50	1	0	N/A	budget-0 row (nothing to suppress)
D06_sparse_1000mm	B	0.50	2	0	N/A	budget-0 row (nothing to suppress)
D06_sparse_1000mm	B	0.50	3	0	N/A	budget-0 row (nothing to suppress)
D06_sparse_1000mm	B	1.00	1	0	N/A	budget-0 row (nothing to suppress)
D06_sparse_1000mm	B	1.00	2	0	N/A	budget-0 row (nothing to suppress)
D06_sparse_1000mm	B	1.00	3	0	N/A	budget-0 row (nothing to suppress)
D07_rc10_2000mm	A	0.00	1	0	N/A	budget-0 row (nothing to suppress)
D07_rc10_2000mm	A	0.00	2	0	N/A	budget-0 row (nothing to suppress)
D07_rc10_2000mm	A	0.00	3	0	N/A	budget-0 row (nothing to suppress)
D07_rc10_2000mm	A	0.25	1	0	N/A	budget-0 row (nothing to suppress)
D07_rc10_2000mm	A	0.25	2	0	N/A	budget-0 row (nothing to suppress)
D07_rc10_2000mm	A	0.25	3	0	N/A	budget-0 row (nothing to suppress)
D07_rc10_2000mm	A	0.50	1	0	N/A	budget-0 row (nothing to suppress)
D07_rc10_2000mm	A	0.50	2	0	N/A	budget-0 row (nothing to suppress)
D07_rc10_2000mm	A	0.50	3	0	N/A	budget-0 row (nothing to suppress)
D07_rc10_2000mm	A	1.00	1	0	N/A	budget-0 row (nothing to suppress)
D07_rc10_2000mm	A	1.00	2	0	N/A	budget-0 row (nothing to suppress)
D07_rc10_2000mm	A	1.00	3	0	N/A	budget-0 row (nothing to suppress)
D07_rc10_2000mm	B	0.50	1	0	N/A	budget-0 row (nothing to suppress)
D07_rc10_2000mm	B	0.50	2	0	N/A	budget-0 row (nothing to suppress)
D07_rc10_2000mm	B	0.50	3	0	N/A	budget-0 row (nothing to suppress)
D07_rc10_2000mm	B	1.00	1	0	N/A	budget-0 row (nothing to suppress)
D07_rc10_2000mm	B	1.00	2	0	N/A	budget-0 row (nothing to suppress)
D07_rc10_2000mm	B	1.00	3	0	N/A	budget-0 row (nothing to suppress)
D08_c11_2800mm	A	0.00	1	1	INDETERMINATE	one of printed budget rows 0..1 (other 3 models' scales are not printed)
D08_c11_2800mm	A	0.00	2	1	INDETERMINATE	one of printed budget rows 0..1 (other 3 models' scales are not printed)
D08_c11_2800mm	A	0.00	3	1	INDETERMINATE	one of printed budget rows 0..1 (other 3 models' scales are not printed)
D08_c11_2800mm	A	0.25	1	1	SUPPRESSED	= printed budget-0 row (EXACT: the printed model is one of the four consensus candidates, so the intersection is empty)
D08_c11_2800mm	A	0.25	2	1	SUPPRESSED	= printed budget-0 row (EXACT: the printed model is one of the four consensus candidates, so the intersection is empty)
D08_c11_2800mm	A	0.25	3	1	SUPPRESSED	= printed budget-0 row (EXACT: the printed model is one of the four consensus candidates, so the intersection is empty)
D08_c11_2800mm	A	0.50	1	1	SUPPRESSED	= printed budget-0 row (EXACT: the printed model is one of the four consensus candidates, so the intersection is empty)
D08_c11_2800mm	A	0.50	2	1	SUPPRESSED	= printed budget-0 row (EXACT: the printed model is one of the four consensus candidates, so the intersection is empty)
D08_c11_2800mm	A	0.50	3	1	SUPPRESSED	= printed budget-0 row (EXACT: the printed model is one of the four consensus candidates, so the intersection is empty)
D08_c11_2800mm	A	1.00	1	1	SUPPRESSED	= printed budget-0 row (EXACT: the printed model is one of the four consensus candidates, so the intersection is empty)
D08_c11_2800mm	A	1.00	2	1	SUPPRESSED	= printed budget-0 row (EXACT: the printed model is one of the four consensus candidates, so the intersection is empty)
D08_c11_2800mm	A	1.00	3	1	SUPPRESSED	= printed budget-0 row (EXACT: the printed model is one of the four consensus candidates, so the intersection is empty)
D08_c11_2800mm	B	0.50	1	1	INDETERMINATE	one of printed budget rows 0..1 (other 3 models' scales are not printed)
D08_c11_2800mm	B	0.50	2	1	INDETERMINATE	one of printed budget rows 0..1 (other 3 models' scales are not printed)
D08_c11_2800mm	B	0.50	3	1	INDETERMINATE	one of printed budget rows 0..1 (other 3 models' scales are not printed)
D08_c11_2800mm	B	1.00	1	1	INDETERMINATE	one of printed budget rows 0..1 (other 3 models' scales are not printed)
D08_c11_2800mm	B	1.00	2	1	INDETERMINATE	one of printed budget rows 0..1 (other 3 models' scales are not printed)
D08_c11_2800mm	B	1.00	3	1	INDETERMINATE	one of printed budget rows 0..1 (other 3 models' scales are not printed)
D09_c14_3800mm	A	0.00	1	0	N/A	budget-0 row (nothing to suppress)
D09_c14_3800mm	A	0.00	2	0	N/A	budget-0 row (nothing to suppress)
D09_c14_3800mm	A	0.00	3	0	N/A	budget-0 row (nothing to suppress)
D09_c14_3800mm	A	0.25	1	0	N/A	budget-0 row (nothing to suppress)
D09_c14_3800mm	A	0.25	2	0	N/A	budget-0 row (nothing to suppress)
D09_c14_3800mm	A	0.25	3	0	N/A	budget-0 row (nothing to suppress)
D09_c14_3800mm	A	0.50	1	0	N/A	budget-0 row (nothing to suppress)
D09_c14_3800mm	A	0.50	2	0	N/A	budget-0 row (nothing to suppress)
D09_c14_3800mm	A	0.50	3	0	N/A	budget-0 row (nothing to suppress)
D09_c14_3800mm	A	1.00	1	0	N/A	budget-0 row (nothing to suppress)
D09_c14_3800mm	A	1.00	2	0	N/A	budget-0 row (nothing to suppress)
D09_c14_3800mm	A	1.00	3	0	N/A	budget-0 row (nothing to suppress)
D09_c14_3800mm	B	0.50	1	0	N/A	budget-0 row (nothing to suppress)
D09_c14_3800mm	B	0.50	2	0	N/A	budget-0 row (nothing to suppress)
D09_c14_3800mm	B	0.50	3	0	N/A	budget-0 row (nothing to suppress)
D09_c14_3800mm	B	1.00	1	0	N/A	budget-0 row (nothing to suppress)
D09_c14_3800mm	B	1.00	2	0	N/A	budget-0 row (nothing to suppress)
D09_c14_3800mm	B	1.00	3	0	N/A	budget-0 row (nothing to suppress)
D10_rc16_3250mm_sparse	A	0.00	1	0	N/A	budget-0 row (nothing to suppress)
D10_rc16_3250mm_sparse	A	0.00	2	0	N/A	budget-0 row (nothing to suppress)
D10_rc16_3250mm_sparse	A	0.00	3	0	N/A	budget-0 row (nothing to suppress)
D10_rc16_3250mm_sparse	A	0.25	1	0	N/A	budget-0 row (nothing to suppress)
D10_rc16_3250mm_sparse	A	0.25	2	0	N/A	budget-0 row (nothing to suppress)
D10_rc16_3250mm_sparse	A	0.25	3	0	N/A	budget-0 row (nothing to suppress)
D10_rc16_3250mm_sparse	A	0.50	1	0	N/A	budget-0 row (nothing to suppress)
D10_rc16_3250mm_sparse	A	0.50	2	0	N/A	budget-0 row (nothing to suppress)
D10_rc16_3250mm_sparse	A	0.50	3	0	N/A	budget-0 row (nothing to suppress)
D10_rc16_3250mm_sparse	A	1.00	1	0	N/A	budget-0 row (nothing to suppress)
D10_rc16_3250mm_sparse	A	1.00	2	0	N/A	budget-0 row (nothing to suppress)
D10_rc16_3250mm_sparse	A	1.00	3	0	N/A	budget-0 row (nothing to suppress)
D10_rc16_3250mm_sparse	B	0.50	1	0	N/A	budget-0 row (nothing to suppress)
D10_rc16_3250mm_sparse	B	0.50	2	0	N/A	budget-0 row (nothing to suppress)
D10_rc16_3250mm_sparse	B	0.50	3	0	N/A	budget-0 row (nothing to suppress)
D10_rc16_3250mm_sparse	B	1.00	1	0	N/A	budget-0 row (nothing to suppress)
D10_rc16_3250mm_sparse	B	1.00	2	0	N/A	budget-0 row (nothing to suppress)
D10_rc16_3250mm_sparse	B	1.00	3	0	N/A	budget-0 row (nothing to suppress)
D11_rc10_585_afbin2	A	0.00	1	0	N/A	budget-0 row (nothing to suppress)
D11_rc10_585_afbin2	A	0.00	2	0	N/A	budget-0 row (nothing to suppress)
D11_rc10_585_afbin2	A	0.00	3	0	N/A	budget-0 row (nothing to suppress)
D11_rc10_585_afbin2	A	0.25	1	0	N/A	budget-0 row (nothing to suppress)
D11_rc10_585_afbin2	A	0.25	2	0	N/A	budget-0 row (nothing to suppress)
D11_rc10_585_afbin2	A	0.25	3	0	N/A	budget-0 row (nothing to suppress)
D11_rc10_585_afbin2	A	0.50	1	0	N/A	budget-0 row (nothing to suppress)
D11_rc10_585_afbin2	A	0.50	2	0	N/A	budget-0 row (nothing to suppress)
D11_rc10_585_afbin2	A	0.50	3	0	N/A	budget-0 row (nothing to suppress)
D11_rc10_585_afbin2	A	1.00	1	0	N/A	budget-0 row (nothing to suppress)
D11_rc10_585_afbin2	A	1.00	2	0	N/A	budget-0 row (nothing to suppress)
D11_rc10_585_afbin2	A	1.00	3	0	N/A	budget-0 row (nothing to suppress)
D11_rc10_585_afbin2	B	0.50	1	0	N/A	budget-0 row (nothing to suppress)
D11_rc10_585_afbin2	B	0.50	2	0	N/A	budget-0 row (nothing to suppress)
D11_rc10_585_afbin2	B	0.50	3	0	N/A	budget-0 row (nothing to suppress)
D11_rc10_585_afbin2	B	1.00	1	0	N/A	budget-0 row (nothing to suppress)
D11_rc10_585_afbin2	B	1.00	2	0	N/A	budget-0 row (nothing to suppress)
D11_rc10_585_afbin2	B	1.00	3	0	N/A	budget-0 row (nothing to suppress)
D12_c14_585_afbin2	A	0.00	1	1	INDETERMINATE	one of printed budget rows 0..1 (other 3 models' scales are not printed)
D12_c14_585_afbin2	A	0.00	2	1	INDETERMINATE	one of printed budget rows 0..1 (other 3 models' scales are not printed)
D12_c14_585_afbin2	A	0.00	3	1	INDETERMINATE	one of printed budget rows 0..1 (other 3 models' scales are not printed)
D12_c14_585_afbin2	A	0.25	1	1	INDETERMINATE	one of printed budget rows 0..1 (other 3 models' scales are not printed)
D12_c14_585_afbin2	A	0.25	2	1	INDETERMINATE	one of printed budget rows 0..1 (other 3 models' scales are not printed)
D12_c14_585_afbin2	A	0.25	3	1	INDETERMINATE	one of printed budget rows 0..1 (other 3 models' scales are not printed)
D12_c14_585_afbin2	A	0.50	1	1	SUPPRESSED	= printed budget-0 row (EXACT: the printed model is one of the four consensus candidates, so the intersection is empty)
D12_c14_585_afbin2	A	0.50	2	1	SUPPRESSED	= printed budget-0 row (EXACT: the printed model is one of the four consensus candidates, so the intersection is empty)
D12_c14_585_afbin2	A	0.50	3	1	SUPPRESSED	= printed budget-0 row (EXACT: the printed model is one of the four consensus candidates, so the intersection is empty)
D12_c14_585_afbin2	A	1.00	1	1	SUPPRESSED	= printed budget-0 row (EXACT: the printed model is one of the four consensus candidates, so the intersection is empty)
D12_c14_585_afbin2	A	1.00	2	1	SUPPRESSED	= printed budget-0 row (EXACT: the printed model is one of the four consensus candidates, so the intersection is empty)
D12_c14_585_afbin2	A	1.00	3	1	SUPPRESSED	= printed budget-0 row (EXACT: the printed model is one of the four consensus candidates, so the intersection is empty)
D12_c14_585_afbin2	B	0.50	1	1	INDETERMINATE	one of printed budget rows 0..1 (other 3 models' scales are not printed)
D12_c14_585_afbin2	B	0.50	2	1	INDETERMINATE	one of printed budget rows 0..1 (other 3 models' scales are not printed)
D12_c14_585_afbin2	B	0.50	3	1	INDETERMINATE	one of printed budget rows 0..1 (other 3 models' scales are not printed)
D12_c14_585_afbin2	B	1.00	1	1	INDETERMINATE	one of printed budget rows 0..1 (other 3 models' scales are not printed)
D12_c14_585_afbin2	B	1.00	2	1	INDETERMINATE	one of printed budget rows 0..1 (other 3 models' scales are not printed)
D12_c14_585_afbin2	B	1.00	3	1	INDETERMINATE	one of printed budget rows 0..1 (other 3 models' scales are not printed)
D13_apo200_1800mm	A	0.00	1	0	N/A	budget-0 row (nothing to suppress)
D13_apo200_1800mm	A	0.00	2	0	N/A	budget-0 row (nothing to suppress)
D13_apo200_1800mm	A	0.00	3	0	N/A	budget-0 row (nothing to suppress)
D13_apo200_1800mm	A	0.25	1	0	N/A	budget-0 row (nothing to suppress)
D13_apo200_1800mm	A	0.25	2	0	N/A	budget-0 row (nothing to suppress)
D13_apo200_1800mm	A	0.25	3	0	N/A	budget-0 row (nothing to suppress)
D13_apo200_1800mm	A	0.50	1	0	N/A	budget-0 row (nothing to suppress)
D13_apo200_1800mm	A	0.50	2	0	N/A	budget-0 row (nothing to suppress)
D13_apo200_1800mm	A	0.50	3	0	N/A	budget-0 row (nothing to suppress)
D13_apo200_1800mm	A	1.00	1	0	N/A	budget-0 row (nothing to suppress)
D13_apo200_1800mm	A	1.00	2	0	N/A	budget-0 row (nothing to suppress)
D13_apo200_1800mm	A	1.00	3	0	N/A	budget-0 row (nothing to suppress)
D13_apo200_1800mm	B	0.50	1	0	N/A	budget-0 row (nothing to suppress)
D13_apo200_1800mm	B	0.50	2	0	N/A	budget-0 row (nothing to suppress)
D13_apo200_1800mm	B	0.50	3	0	N/A	budget-0 row (nothing to suppress)
D13_apo200_1800mm	B	1.00	1	0	N/A	budget-0 row (nothing to suppress)
D13_apo200_1800mm	B	1.00	2	0	N/A	budget-0 row (nothing to suppress)
D13_apo200_1800mm	B	1.00	3	0	N/A	budget-0 row (nothing to suppress)
D14_cdk14_2563mm_e47	A	0.00	1	0	N/A	budget-0 row (nothing to suppress)
D14_cdk14_2563mm_e47	A	0.00	2	0	N/A	budget-0 row (nothing to suppress)
D14_cdk14_2563mm_e47	A	0.00	3	0	N/A	budget-0 row (nothing to suppress)
D14_cdk14_2563mm_e47	A	0.25	1	0	N/A	budget-0 row (nothing to suppress)
D14_cdk14_2563mm_e47	A	0.25	2	0	N/A	budget-0 row (nothing to suppress)
D14_cdk14_2563mm_e47	A	0.25	3	0	N/A	budget-0 row (nothing to suppress)
D14_cdk14_2563mm_e47	A	0.50	1	0	N/A	budget-0 row (nothing to suppress)
D14_cdk14_2563mm_e47	A	0.50	2	0	N/A	budget-0 row (nothing to suppress)
D14_cdk14_2563mm_e47	A	0.50	3	0	N/A	budget-0 row (nothing to suppress)
D14_cdk14_2563mm_e47	A	1.00	1	0	N/A	budget-0 row (nothing to suppress)
D14_cdk14_2563mm_e47	A	1.00	2	0	N/A	budget-0 row (nothing to suppress)
D14_cdk14_2563mm_e47	A	1.00	3	0	N/A	budget-0 row (nothing to suppress)
D14_cdk14_2563mm_e47	B	0.50	1	0	N/A	budget-0 row (nothing to suppress)
D14_cdk14_2563mm_e47	B	0.50	2	0	N/A	budget-0 row (nothing to suppress)
D14_cdk14_2563mm_e47	B	0.50	3	0	N/A	budget-0 row (nothing to suppress)
D14_cdk14_2563mm_e47	B	1.00	1	0	N/A	budget-0 row (nothing to suppress)
D14_cdk14_2563mm_e47	B	1.00	2	0	N/A	budget-0 row (nothing to suppress)
D14_cdk14_2563mm_e47	B	1.00	3	0	N/A	budget-0 row (nothing to suppress)
D15_cdk20_3454mm_e47	A	0.00	1	0	N/A	budget-0 row (nothing to suppress)
D15_cdk20_3454mm_e47	A	0.00	2	0	N/A	budget-0 row (nothing to suppress)
D15_cdk20_3454mm_e47	A	0.00	3	0	N/A	budget-0 row (nothing to suppress)
D15_cdk20_3454mm_e47	A	0.25	1	0	N/A	budget-0 row (nothing to suppress)
D15_cdk20_3454mm_e47	A	0.25	2	0	N/A	budget-0 row (nothing to suppress)
D15_cdk20_3454mm_e47	A	0.25	3	0	N/A	budget-0 row (nothing to suppress)
D15_cdk20_3454mm_e47	A	0.50	1	0	N/A	budget-0 row (nothing to suppress)
D15_cdk20_3454mm_e47	A	0.50	2	0	N/A	budget-0 row (nothing to suppress)
D15_cdk20_3454mm_e47	A	0.50	3	0	N/A	budget-0 row (nothing to suppress)
D15_cdk20_3454mm_e47	A	1.00	1	0	N/A	budget-0 row (nothing to suppress)
D15_cdk20_3454mm_e47	A	1.00	2	0	N/A	budget-0 row (nothing to suppress)
D15_cdk20_3454mm_e47	A	1.00	3	0	N/A	budget-0 row (nothing to suppress)
D15_cdk20_3454mm_e47	B	0.50	1	0	N/A	budget-0 row (nothing to suppress)
D15_cdk20_3454mm_e47	B	0.50	2	0	N/A	budget-0 row (nothing to suppress)
D15_cdk20_3454mm_e47	B	0.50	3	0	N/A	budget-0 row (nothing to suppress)
D15_cdk20_3454mm_e47	B	1.00	1	0	N/A	budget-0 row (nothing to suppress)
D15_cdk20_3454mm_e47	B	1.00	2	0	N/A	budget-0 row (nothing to suppress)
D15_cdk20_3454mm_e47	B	1.00	3	0	N/A	budget-0 row (nothing to suppress)
D16_esprit550_ha3	A	0.00	1	1	INDETERMINATE	one of printed budget rows 0..1 (other 3 models' scales are not printed)
D16_esprit550_ha3	A	0.00	2	1	INDETERMINATE	one of printed budget rows 0..1 (other 3 models' scales are not printed)
D16_esprit550_ha3	A	0.00	3	1	INDETERMINATE	one of printed budget rows 0..1 (other 3 models' scales are not printed)
D16_esprit550_ha3	A	0.25	1	1	INDETERMINATE	one of printed budget rows 0..1 (other 3 models' scales are not printed)
D16_esprit550_ha3	A	0.25	2	1	INDETERMINATE	one of printed budget rows 0..1 (other 3 models' scales are not printed)
D16_esprit550_ha3	A	0.25	3	1	INDETERMINATE	one of printed budget rows 0..1 (other 3 models' scales are not printed)
D16_esprit550_ha3	A	0.50	1	1	INDETERMINATE	one of printed budget rows 0..1 (other 3 models' scales are not printed)
D16_esprit550_ha3	A	0.50	2	1	INDETERMINATE	one of printed budget rows 0..1 (other 3 models' scales are not printed)
D16_esprit550_ha3	A	0.50	3	1	INDETERMINATE	one of printed budget rows 0..1 (other 3 models' scales are not printed)
D16_esprit550_ha3	A	1.00	1	1	SUPPRESSED	= printed budget-0 row (EXACT: the printed model is one of the four consensus candidates, so the intersection is empty)
D16_esprit550_ha3	A	1.00	2	1	SUPPRESSED	= printed budget-0 row (EXACT: the printed model is one of the four consensus candidates, so the intersection is empty)
D16_esprit550_ha3	A	1.00	3	1	SUPPRESSED	= printed budget-0 row (EXACT: the printed model is one of the four consensus candidates, so the intersection is empty)
D16_esprit550_ha3	B	0.50	1	1	INDETERMINATE	one of printed budget rows 0..1 (other 3 models' scales are not printed)
D16_esprit550_ha3	B	0.50	2	1	INDETERMINATE	one of printed budget rows 0..1 (other 3 models' scales are not printed)
D16_esprit550_ha3	B	0.50	3	1	INDETERMINATE	one of printed budget rows 0..1 (other 3 models' scales are not printed)
D16_esprit550_ha3	B	1.00	1	1	INDETERMINATE	one of printed budget rows 0..1 (other 3 models' scales are not printed)
D16_esprit550_ha3	B	1.00	2	1	INDETERMINATE	one of printed budget rows 0..1 (other 3 models' scales are not printed)
D16_esprit550_ha3	B	1.00	3	1	INDETERMINATE	one of printed budget rows 0..1 (other 3 models' scales are not printed)
D17_cdk14_oiii5	A	0.00	1	0	N/A	budget-0 row (nothing to suppress)
D17_cdk14_oiii5	A	0.00	2	1	INDETERMINATE	one of printed budget rows 0..1 (other 3 models' scales are not printed)
D17_cdk14_oiii5	A	0.00	3	1	INDETERMINATE	one of printed budget rows 0..1 (other 3 models' scales are not printed)
D17_cdk14_oiii5	A	0.25	1	0	N/A	budget-0 row (nothing to suppress)
D17_cdk14_oiii5	A	0.25	2	1	INDETERMINATE	one of printed budget rows 0..1 (other 3 models' scales are not printed)
D17_cdk14_oiii5	A	0.25	3	1	INDETERMINATE	one of printed budget rows 0..1 (other 3 models' scales are not printed)
D17_cdk14_oiii5	A	0.50	1	0	N/A	budget-0 row (nothing to suppress)
D17_cdk14_oiii5	A	0.50	2	1	INDETERMINATE	one of printed budget rows 0..1 (other 3 models' scales are not printed)
D17_cdk14_oiii5	A	0.50	3	1	INDETERMINATE	one of printed budget rows 0..1 (other 3 models' scales are not printed)
D17_cdk14_oiii5	A	1.00	1	0	N/A	budget-0 row (nothing to suppress)
D17_cdk14_oiii5	A	1.00	2	1	SUPPRESSED	= printed budget-0 row (EXACT: the printed model is one of the four consensus candidates, so the intersection is empty)
D17_cdk14_oiii5	A	1.00	3	1	SUPPRESSED	= printed budget-0 row (EXACT: the printed model is one of the four consensus candidates, so the intersection is empty)
D17_cdk14_oiii5	B	0.50	1	0	N/A	budget-0 row (nothing to suppress)
D17_cdk14_oiii5	B	0.50	2	1	INDETERMINATE	one of printed budget rows 0..1 (other 3 models' scales are not printed)
D17_cdk14_oiii5	B	0.50	3	1	INDETERMINATE	one of printed budget rows 0..1 (other 3 models' scales are not printed)
D17_cdk14_oiii5	B	1.00	1	0	N/A	budget-0 row (nothing to suppress)
D17_cdk14_oiii5	B	1.00	2	1	INDETERMINATE	one of printed budget rows 0..1 (other 3 models' scales are not printed)
D17_cdk14_oiii5	B	1.00	3	1	INDETERMINATE	one of printed budget rows 0..1 (other 3 models' scales are not printed)
D18_m24_deep_shed	A	0.00	1	0	N/A	budget-0 row (nothing to suppress)
D18_m24_deep_shed	A	0.00	2	0	N/A	budget-0 row (nothing to suppress)
D18_m24_deep_shed	A	0.00	3	0	N/A	budget-0 row (nothing to suppress)
D18_m24_deep_shed	A	0.25	1	0	N/A	budget-0 row (nothing to suppress)
D18_m24_deep_shed	A	0.25	2	0	N/A	budget-0 row (nothing to suppress)
D18_m24_deep_shed	A	0.25	3	0	N/A	budget-0 row (nothing to suppress)
D18_m24_deep_shed	A	0.50	1	0	N/A	budget-0 row (nothing to suppress)
D18_m24_deep_shed	A	0.50	2	0	N/A	budget-0 row (nothing to suppress)
D18_m24_deep_shed	A	0.50	3	0	N/A	budget-0 row (nothing to suppress)
D18_m24_deep_shed	A	1.00	1	0	N/A	budget-0 row (nothing to suppress)
D18_m24_deep_shed	A	1.00	2	0	N/A	budget-0 row (nothing to suppress)
D18_m24_deep_shed	A	1.00	3	0	N/A	budget-0 row (nothing to suppress)
D18_m24_deep_shed	B	0.50	1	0	N/A	budget-0 row (nothing to suppress)
D18_m24_deep_shed	B	0.50	2	0	N/A	budget-0 row (nothing to suppress)
D18_m24_deep_shed	B	0.50	3	0	N/A	budget-0 row (nothing to suppress)
D18_m24_deep_shed	B	1.00	1	0	N/A	budget-0 row (nothing to suppress)
D18_m24_deep_shed	B	1.00	2	0	N/A	budget-0 row (nothing to suppress)
D18_m24_deep_shed	B	1.00	3	0	N/A	budget-0 row (nothing to suppress)
D19_cygnus_deep_shed	A	0.00	1	0	N/A	budget-0 row (nothing to suppress)
D19_cygnus_deep_shed	A	0.00	2	0	N/A	budget-0 row (nothing to suppress)
D19_cygnus_deep_shed	A	0.00	3	0	N/A	budget-0 row (nothing to suppress)
D19_cygnus_deep_shed	A	0.25	1	0	N/A	budget-0 row (nothing to suppress)
D19_cygnus_deep_shed	A	0.25	2	0	N/A	budget-0 row (nothing to suppress)
D19_cygnus_deep_shed	A	0.25	3	0	N/A	budget-0 row (nothing to suppress)
D19_cygnus_deep_shed	A	0.50	1	0	N/A	budget-0 row (nothing to suppress)
D19_cygnus_deep_shed	A	0.50	2	0	N/A	budget-0 row (nothing to suppress)
D19_cygnus_deep_shed	A	0.50	3	0	N/A	budget-0 row (nothing to suppress)
D19_cygnus_deep_shed	A	1.00	1	0	N/A	budget-0 row (nothing to suppress)
D19_cygnus_deep_shed	A	1.00	2	0	N/A	budget-0 row (nothing to suppress)
D19_cygnus_deep_shed	A	1.00	3	0	N/A	budget-0 row (nothing to suppress)
D19_cygnus_deep_shed	B	0.50	1	0	N/A	budget-0 row (nothing to suppress)
D19_cygnus_deep_shed	B	0.50	2	0	N/A	budget-0 row (nothing to suppress)
D19_cygnus_deep_shed	B	0.50	3	0	N/A	budget-0 row (nothing to suppress)
D19_cygnus_deep_shed	B	1.00	1	0	N/A	budget-0 row (nothing to suppress)
D19_cygnus_deep_shed	B	1.00	2	0	N/A	budget-0 row (nothing to suppress)
D19_cygnus_deep_shed	B	1.00	3	0	N/A	budget-0 row (nothing to suppress)
D20_m24_bright_control	A	0.00	1	0	N/A	budget-0 row (nothing to suppress)
D20_m24_bright_control	A	0.00	2	0	N/A	budget-0 row (nothing to suppress)
D20_m24_bright_control	A	0.00	3	0	N/A	budget-0 row (nothing to suppress)
D20_m24_bright_control	A	0.25	1	0	N/A	budget-0 row (nothing to suppress)
D20_m24_bright_control	A	0.25	2	0	N/A	budget-0 row (nothing to suppress)
D20_m24_bright_control	A	0.25	3	0	N/A	budget-0 row (nothing to suppress)
D20_m24_bright_control	A	0.50	1	0	N/A	budget-0 row (nothing to suppress)
D20_m24_bright_control	A	0.50	2	0	N/A	budget-0 row (nothing to suppress)
D20_m24_bright_control	A	0.50	3	0	N/A	budget-0 row (nothing to suppress)
D20_m24_bright_control	A	1.00	1	0	N/A	budget-0 row (nothing to suppress)
D20_m24_bright_control	A	1.00	2	0	N/A	budget-0 row (nothing to suppress)
D20_m24_bright_control	A	1.00	3	0	N/A	budget-0 row (nothing to suppress)
D20_m24_bright_control	B	0.50	1	0	N/A	budget-0 row (nothing to suppress)
D20_m24_bright_control	B	0.50	2	0	N/A	budget-0 row (nothing to suppress)
D20_m24_bright_control	B	0.50	3	0	N/A	budget-0 row (nothing to suppress)
D20_m24_bright_control	B	1.00	1	0	N/A	budget-0 row (nothing to suppress)
D20_m24_bright_control	B	1.00	2	0	N/A	budget-0 row (nothing to suppress)
D20_m24_bright_control	B	1.00	3	0	N/A	budget-0 row (nothing to suppress)
FlyData_AutoFocus_20260607_030642_attempt01	A	0.00	1	0	N/A	budget-0 row (nothing to suppress)
FlyData_AutoFocus_20260607_030642_attempt01	A	0.00	2	1	INDETERMINATE	one of printed budget rows 0..1 (other 3 models' scales are not printed)
FlyData_AutoFocus_20260607_030642_attempt01	A	0.00	3	1	INDETERMINATE	one of printed budget rows 0..1 (other 3 models' scales are not printed)
FlyData_AutoFocus_20260607_030642_attempt01	A	0.25	1	0	N/A	budget-0 row (nothing to suppress)
FlyData_AutoFocus_20260607_030642_attempt01	A	0.25	2	1	SUPPRESSED	= printed budget-0 row (EXACT: the printed model is one of the four consensus candidates, so the intersection is empty)
FlyData_AutoFocus_20260607_030642_attempt01	A	0.25	3	1	SUPPRESSED	= printed budget-0 row (EXACT: the printed model is one of the four consensus candidates, so the intersection is empty)
FlyData_AutoFocus_20260607_030642_attempt01	A	0.50	1	0	N/A	budget-0 row (nothing to suppress)
FlyData_AutoFocus_20260607_030642_attempt01	A	0.50	2	1	SUPPRESSED	= printed budget-0 row (EXACT: the printed model is one of the four consensus candidates, so the intersection is empty)
FlyData_AutoFocus_20260607_030642_attempt01	A	0.50	3	1	SUPPRESSED	= printed budget-0 row (EXACT: the printed model is one of the four consensus candidates, so the intersection is empty)
FlyData_AutoFocus_20260607_030642_attempt01	A	1.00	1	0	N/A	budget-0 row (nothing to suppress)
FlyData_AutoFocus_20260607_030642_attempt01	A	1.00	2	1	SUPPRESSED	= printed budget-0 row (EXACT: the printed model is one of the four consensus candidates, so the intersection is empty)
FlyData_AutoFocus_20260607_030642_attempt01	A	1.00	3	1	SUPPRESSED	= printed budget-0 row (EXACT: the printed model is one of the four consensus candidates, so the intersection is empty)
FlyData_AutoFocus_20260607_030642_attempt01	B	0.50	1	0	N/A	budget-0 row (nothing to suppress)
FlyData_AutoFocus_20260607_030642_attempt01	B	0.50	2	1	INDETERMINATE	one of printed budget rows 0..1 (other 3 models' scales are not printed)
FlyData_AutoFocus_20260607_030642_attempt01	B	0.50	3	1	INDETERMINATE	one of printed budget rows 0..1 (other 3 models' scales are not printed)
FlyData_AutoFocus_20260607_030642_attempt01	B	1.00	1	0	N/A	budget-0 row (nothing to suppress)
FlyData_AutoFocus_20260607_030642_attempt01	B	1.00	2	1	INDETERMINATE	one of printed budget rows 0..1 (other 3 models' scales are not printed)
FlyData_AutoFocus_20260607_030642_attempt01	B	1.00	3	1	INDETERMINATE	one of printed budget rows 0..1 (other 3 models' scales are not printed)
LinwoodFocus_AutoFocus_20220329_211008_attempt01	A	0.00	1	1	INDETERMINATE	one of printed budget rows 0..1 (other 3 models' scales are not printed)
LinwoodFocus_AutoFocus_20220329_211008_attempt01	A	0.00	2	1	INDETERMINATE	one of printed budget rows 0..1 (other 3 models' scales are not printed)
LinwoodFocus_AutoFocus_20220329_211008_attempt01	A	0.00	3	1	INDETERMINATE	one of printed budget rows 0..1 (other 3 models' scales are not printed)
LinwoodFocus_AutoFocus_20220329_211008_attempt01	A	0.25	1	1	SUPPRESSED	= printed budget-0 row (EXACT: the printed model is one of the four consensus candidates, so the intersection is empty)
LinwoodFocus_AutoFocus_20220329_211008_attempt01	A	0.25	2	1	SUPPRESSED	= printed budget-0 row (EXACT: the printed model is one of the four consensus candidates, so the intersection is empty)
LinwoodFocus_AutoFocus_20220329_211008_attempt01	A	0.25	3	1	SUPPRESSED	= printed budget-0 row (EXACT: the printed model is one of the four consensus candidates, so the intersection is empty)
LinwoodFocus_AutoFocus_20220329_211008_attempt01	A	0.50	1	1	SUPPRESSED	= printed budget-0 row (EXACT: the printed model is one of the four consensus candidates, so the intersection is empty)
LinwoodFocus_AutoFocus_20220329_211008_attempt01	A	0.50	2	1	SUPPRESSED	= printed budget-0 row (EXACT: the printed model is one of the four consensus candidates, so the intersection is empty)
LinwoodFocus_AutoFocus_20220329_211008_attempt01	A	0.50	3	1	SUPPRESSED	= printed budget-0 row (EXACT: the printed model is one of the four consensus candidates, so the intersection is empty)
LinwoodFocus_AutoFocus_20220329_211008_attempt01	A	1.00	1	1	SUPPRESSED	= printed budget-0 row (EXACT: the printed model is one of the four consensus candidates, so the intersection is empty)
LinwoodFocus_AutoFocus_20220329_211008_attempt01	A	1.00	2	1	SUPPRESSED	= printed budget-0 row (EXACT: the printed model is one of the four consensus candidates, so the intersection is empty)
LinwoodFocus_AutoFocus_20220329_211008_attempt01	A	1.00	3	1	SUPPRESSED	= printed budget-0 row (EXACT: the printed model is one of the four consensus candidates, so the intersection is empty)
LinwoodFocus_AutoFocus_20220329_211008_attempt01	B	0.50	1	1	INDETERMINATE	one of printed budget rows 0..1 (other 3 models' scales are not printed)
LinwoodFocus_AutoFocus_20220329_211008_attempt01	B	0.50	2	1	INDETERMINATE	one of printed budget rows 0..1 (other 3 models' scales are not printed)
LinwoodFocus_AutoFocus_20220329_211008_attempt01	B	0.50	3	1	INDETERMINATE	one of printed budget rows 0..1 (other 3 models' scales are not printed)
LinwoodFocus_AutoFocus_20220329_211008_attempt01	B	1.00	1	1	INDETERMINATE	one of printed budget rows 0..1 (other 3 models' scales are not printed)
LinwoodFocus_AutoFocus_20220329_211008_attempt01	B	1.00	2	1	INDETERMINATE	one of printed budget rows 0..1 (other 3 models' scales are not printed)
LinwoodFocus_AutoFocus_20220329_211008_attempt01	B	1.00	3	1	INDETERMINATE	one of printed budget rows 0..1 (other 3 models' scales are not printed)
Panos_attempt01	A	0.00	1	0	N/A	budget-0 row (nothing to suppress)
Panos_attempt01	A	0.00	2	2	INDETERMINATE	one of printed budget rows 0..2 (other 3 models' scales are not printed)
Panos_attempt01	A	0.00	3	2	INDETERMINATE	one of printed budget rows 0..2 (other 3 models' scales are not printed)
Panos_attempt01	A	0.25	1	0	N/A	budget-0 row (nothing to suppress)
Panos_attempt01	A	0.25	2	2	SUPPRESSED	= printed budget-0 row (EXACT: the printed model is one of the four consensus candidates, so the intersection is empty)
Panos_attempt01	A	0.25	3	2	SUPPRESSED	= printed budget-0 row (EXACT: the printed model is one of the four consensus candidates, so the intersection is empty)
Panos_attempt01	A	0.50	1	0	N/A	budget-0 row (nothing to suppress)
Panos_attempt01	A	0.50	2	2	SUPPRESSED	= printed budget-0 row (EXACT: the printed model is one of the four consensus candidates, so the intersection is empty)
Panos_attempt01	A	0.50	3	2	SUPPRESSED	= printed budget-0 row (EXACT: the printed model is one of the four consensus candidates, so the intersection is empty)
Panos_attempt01	A	1.00	1	0	N/A	budget-0 row (nothing to suppress)
Panos_attempt01	A	1.00	2	2	SUPPRESSED	= printed budget-0 row (EXACT: the printed model is one of the four consensus candidates, so the intersection is empty)
Panos_attempt01	A	1.00	3	2	SUPPRESSED	= printed budget-0 row (EXACT: the printed model is one of the four consensus candidates, so the intersection is empty)
Panos_attempt01	B	0.50	1	0	N/A	budget-0 row (nothing to suppress)
Panos_attempt01	B	0.50	2	2	INDETERMINATE	one of printed budget rows 0..2 (other 3 models' scales are not printed)
Panos_attempt01	B	0.50	3	2	INDETERMINATE	one of printed budget rows 0..2 (other 3 models' scales are not printed)
Panos_attempt01	B	1.00	1	0	N/A	budget-0 row (nothing to suppress)
Panos_attempt01	B	1.00	2	2	INDETERMINATE	one of printed budget rows 0..2 (other 3 models' scales are not printed)
Panos_attempt01	B	1.00	3	2	INDETERMINATE	one of printed budget rows 0..2 (other 3 models' scales are not printed)
SorenVance_AutoFocus_20260711_014141_attempt01	A	0.00	1	0	N/A	budget-0 row (nothing to suppress)
SorenVance_AutoFocus_20260711_014141_attempt01	A	0.00	2	0	N/A	budget-0 row (nothing to suppress)
SorenVance_AutoFocus_20260711_014141_attempt01	A	0.00	3	0	N/A	budget-0 row (nothing to suppress)
SorenVance_AutoFocus_20260711_014141_attempt01	A	0.25	1	0	N/A	budget-0 row (nothing to suppress)
SorenVance_AutoFocus_20260711_014141_attempt01	A	0.25	2	0	N/A	budget-0 row (nothing to suppress)
SorenVance_AutoFocus_20260711_014141_attempt01	A	0.25	3	0	N/A	budget-0 row (nothing to suppress)
SorenVance_AutoFocus_20260711_014141_attempt01	A	0.50	1	0	N/A	budget-0 row (nothing to suppress)
SorenVance_AutoFocus_20260711_014141_attempt01	A	0.50	2	0	N/A	budget-0 row (nothing to suppress)
SorenVance_AutoFocus_20260711_014141_attempt01	A	0.50	3	0	N/A	budget-0 row (nothing to suppress)
SorenVance_AutoFocus_20260711_014141_attempt01	A	1.00	1	0	N/A	budget-0 row (nothing to suppress)
SorenVance_AutoFocus_20260711_014141_attempt01	A	1.00	2	0	N/A	budget-0 row (nothing to suppress)
SorenVance_AutoFocus_20260711_014141_attempt01	A	1.00	3	0	N/A	budget-0 row (nothing to suppress)
SorenVance_AutoFocus_20260711_014141_attempt01	B	0.50	1	0	N/A	budget-0 row (nothing to suppress)
SorenVance_AutoFocus_20260711_014141_attempt01	B	0.50	2	0	N/A	budget-0 row (nothing to suppress)
SorenVance_AutoFocus_20260711_014141_attempt01	B	0.50	3	0	N/A	budget-0 row (nothing to suppress)
SorenVance_AutoFocus_20260711_014141_attempt01	B	1.00	1	0	N/A	budget-0 row (nothing to suppress)
SorenVance_AutoFocus_20260711_014141_attempt01	B	1.00	2	0	N/A	budget-0 row (nothing to suppress)
SorenVance_AutoFocus_20260711_014141_attempt01	B	1.00	3	0	N/A	budget-0 row (nothing to suppress)
bobp_AutoFocus_20260626_215910_attempt01	A	0.00	1	0	N/A	budget-0 row (nothing to suppress)
bobp_AutoFocus_20260626_215910_attempt01	A	0.00	2	1	INDETERMINATE	one of printed budget rows 0..1 (other 3 models' scales are not printed)
bobp_AutoFocus_20260626_215910_attempt01	A	0.00	3	1	INDETERMINATE	one of printed budget rows 0..1 (other 3 models' scales are not printed)
bobp_AutoFocus_20260626_215910_attempt01	A	0.25	1	0	N/A	budget-0 row (nothing to suppress)
bobp_AutoFocus_20260626_215910_attempt01	A	0.25	2	1	SUPPRESSED	= printed budget-0 row (EXACT: the printed model is one of the four consensus candidates, so the intersection is empty)
bobp_AutoFocus_20260626_215910_attempt01	A	0.25	3	1	SUPPRESSED	= printed budget-0 row (EXACT: the printed model is one of the four consensus candidates, so the intersection is empty)
bobp_AutoFocus_20260626_215910_attempt01	A	0.50	1	0	N/A	budget-0 row (nothing to suppress)
bobp_AutoFocus_20260626_215910_attempt01	A	0.50	2	1	SUPPRESSED	= printed budget-0 row (EXACT: the printed model is one of the four consensus candidates, so the intersection is empty)
bobp_AutoFocus_20260626_215910_attempt01	A	0.50	3	1	SUPPRESSED	= printed budget-0 row (EXACT: the printed model is one of the four consensus candidates, so the intersection is empty)
bobp_AutoFocus_20260626_215910_attempt01	A	1.00	1	0	N/A	budget-0 row (nothing to suppress)
bobp_AutoFocus_20260626_215910_attempt01	A	1.00	2	1	SUPPRESSED	= printed budget-0 row (EXACT: the printed model is one of the four consensus candidates, so the intersection is empty)
bobp_AutoFocus_20260626_215910_attempt01	A	1.00	3	1	SUPPRESSED	= printed budget-0 row (EXACT: the printed model is one of the four consensus candidates, so the intersection is empty)
bobp_AutoFocus_20260626_215910_attempt01	B	0.50	1	0	N/A	budget-0 row (nothing to suppress)
bobp_AutoFocus_20260626_215910_attempt01	B	0.50	2	1	INDETERMINATE	one of printed budget rows 0..1 (other 3 models' scales are not printed)
bobp_AutoFocus_20260626_215910_attempt01	B	0.50	3	1	INDETERMINATE	one of printed budget rows 0..1 (other 3 models' scales are not printed)
bobp_AutoFocus_20260626_215910_attempt01	B	1.00	1	0	N/A	budget-0 row (nothing to suppress)
bobp_AutoFocus_20260626_215910_attempt01	B	1.00	2	1	INDETERMINATE	one of printed budget rows 0..1 (other 3 models' scales are not printed)
bobp_AutoFocus_20260626_215910_attempt01	B	1.00	3	1	INDETERMINATE	one of printed budget rows 0..1 (other 3 models' scales are not printed)
bobp_m101_AutoFocus_20260626_225408_attempt01	A	0.00	1	0	N/A	budget-0 row (nothing to suppress)
bobp_m101_AutoFocus_20260626_225408_attempt01	A	0.00	2	0	N/A	budget-0 row (nothing to suppress)
bobp_m101_AutoFocus_20260626_225408_attempt01	A	0.00	3	0	N/A	budget-0 row (nothing to suppress)
bobp_m101_AutoFocus_20260626_225408_attempt01	A	0.25	1	0	N/A	budget-0 row (nothing to suppress)
bobp_m101_AutoFocus_20260626_225408_attempt01	A	0.25	2	0	N/A	budget-0 row (nothing to suppress)
bobp_m101_AutoFocus_20260626_225408_attempt01	A	0.25	3	0	N/A	budget-0 row (nothing to suppress)
bobp_m101_AutoFocus_20260626_225408_attempt01	A	0.50	1	0	N/A	budget-0 row (nothing to suppress)
bobp_m101_AutoFocus_20260626_225408_attempt01	A	0.50	2	0	N/A	budget-0 row (nothing to suppress)
bobp_m101_AutoFocus_20260626_225408_attempt01	A	0.50	3	0	N/A	budget-0 row (nothing to suppress)
bobp_m101_AutoFocus_20260626_225408_attempt01	A	1.00	1	0	N/A	budget-0 row (nothing to suppress)
bobp_m101_AutoFocus_20260626_225408_attempt01	A	1.00	2	0	N/A	budget-0 row (nothing to suppress)
bobp_m101_AutoFocus_20260626_225408_attempt01	A	1.00	3	0	N/A	budget-0 row (nothing to suppress)
bobp_m101_AutoFocus_20260626_225408_attempt01	B	0.50	1	0	N/A	budget-0 row (nothing to suppress)
bobp_m101_AutoFocus_20260626_225408_attempt01	B	0.50	2	0	N/A	budget-0 row (nothing to suppress)
bobp_m101_AutoFocus_20260626_225408_attempt01	B	0.50	3	0	N/A	budget-0 row (nothing to suppress)
bobp_m101_AutoFocus_20260626_225408_attempt01	B	1.00	1	0	N/A	budget-0 row (nothing to suppress)
bobp_m101_AutoFocus_20260626_225408_attempt01	B	1.00	2	0	N/A	budget-0 row (nothing to suppress)
bobp_m101_AutoFocus_20260626_225408_attempt01	B	1.00	3	0	N/A	budget-0 row (nothing to suppress)
caboose_AutoFocus_20220803_211249_attempt01	A	0.00	1	0	N/A	budget-0 row (nothing to suppress)
caboose_AutoFocus_20220803_211249_attempt01	A	0.00	2	1	INDETERMINATE	one of printed budget rows 0..1 (other 3 models' scales are not printed)
caboose_AutoFocus_20220803_211249_attempt01	A	0.00	3	2	INDETERMINATE	one of printed budget rows 0..2 (other 3 models' scales are not printed)
caboose_AutoFocus_20220803_211249_attempt01	A	0.25	1	0	N/A	budget-0 row (nothing to suppress)
caboose_AutoFocus_20220803_211249_attempt01	A	0.25	2	1	SUPPRESSED	= printed budget-0 row (EXACT: the printed model is one of the four consensus candidates, so the intersection is empty)
caboose_AutoFocus_20220803_211249_attempt01	A	0.25	3	2	SUPPRESSED	= printed budget-0 row (EXACT: the printed model is one of the four consensus candidates, so the intersection is empty)
caboose_AutoFocus_20220803_211249_attempt01	A	0.50	1	0	N/A	budget-0 row (nothing to suppress)
caboose_AutoFocus_20220803_211249_attempt01	A	0.50	2	1	SUPPRESSED	= printed budget-0 row (EXACT: the printed model is one of the four consensus candidates, so the intersection is empty)
caboose_AutoFocus_20220803_211249_attempt01	A	0.50	3	2	SUPPRESSED	= printed budget-0 row (EXACT: the printed model is one of the four consensus candidates, so the intersection is empty)
caboose_AutoFocus_20220803_211249_attempt01	A	1.00	1	0	N/A	budget-0 row (nothing to suppress)
caboose_AutoFocus_20220803_211249_attempt01	A	1.00	2	1	SUPPRESSED	= printed budget-0 row (EXACT: the printed model is one of the four consensus candidates, so the intersection is empty)
caboose_AutoFocus_20220803_211249_attempt01	A	1.00	3	2	SUPPRESSED	= printed budget-0 row (EXACT: the printed model is one of the four consensus candidates, so the intersection is empty)
caboose_AutoFocus_20220803_211249_attempt01	B	0.50	1	0	N/A	budget-0 row (nothing to suppress)
caboose_AutoFocus_20220803_211249_attempt01	B	0.50	2	1	UNRESOLVABLE	-
caboose_AutoFocus_20220803_211249_attempt01	B	0.50	3	2	UNRESOLVABLE	-
caboose_AutoFocus_20220803_211249_attempt01	B	1.00	1	0	N/A	budget-0 row (nothing to suppress)
caboose_AutoFocus_20220803_211249_attempt01	B	1.00	2	1	UNRESOLVABLE	-
caboose_AutoFocus_20220803_211249_attempt01	B	1.00	3	2	UNRESOLVABLE	-
cwhite_2026_AutoFocus_20260621_214312_attempt01	A	0.00	1	0	N/A	budget-0 row (nothing to suppress)
cwhite_2026_AutoFocus_20260621_214312_attempt01	A	0.00	2	0	N/A	budget-0 row (nothing to suppress)
cwhite_2026_AutoFocus_20260621_214312_attempt01	A	0.00	3	0	N/A	budget-0 row (nothing to suppress)
cwhite_2026_AutoFocus_20260621_214312_attempt01	A	0.25	1	0	N/A	budget-0 row (nothing to suppress)
cwhite_2026_AutoFocus_20260621_214312_attempt01	A	0.25	2	0	N/A	budget-0 row (nothing to suppress)
cwhite_2026_AutoFocus_20260621_214312_attempt01	A	0.25	3	0	N/A	budget-0 row (nothing to suppress)
cwhite_2026_AutoFocus_20260621_214312_attempt01	A	0.50	1	0	N/A	budget-0 row (nothing to suppress)
cwhite_2026_AutoFocus_20260621_214312_attempt01	A	0.50	2	0	N/A	budget-0 row (nothing to suppress)
cwhite_2026_AutoFocus_20260621_214312_attempt01	A	0.50	3	0	N/A	budget-0 row (nothing to suppress)
cwhite_2026_AutoFocus_20260621_214312_attempt01	A	1.00	1	0	N/A	budget-0 row (nothing to suppress)
cwhite_2026_AutoFocus_20260621_214312_attempt01	A	1.00	2	0	N/A	budget-0 row (nothing to suppress)
cwhite_2026_AutoFocus_20260621_214312_attempt01	A	1.00	3	0	N/A	budget-0 row (nothing to suppress)
cwhite_2026_AutoFocus_20260621_214312_attempt01	B	0.50	1	0	N/A	budget-0 row (nothing to suppress)
cwhite_2026_AutoFocus_20260621_214312_attempt01	B	0.50	2	0	N/A	budget-0 row (nothing to suppress)
cwhite_2026_AutoFocus_20260621_214312_attempt01	B	0.50	3	0	N/A	budget-0 row (nothing to suppress)
cwhite_2026_AutoFocus_20260621_214312_attempt01	B	1.00	1	0	N/A	budget-0 row (nothing to suppress)
cwhite_2026_AutoFocus_20260621_214312_attempt01	B	1.00	2	0	N/A	budget-0 row (nothing to suppress)
cwhite_2026_AutoFocus_20260621_214312_attempt01	B	1.00	3	0	N/A	budget-0 row (nothing to suppress)
fmeschia_Focus_AutoFocus_20220422_220015_attempt01	A	0.00	1	0	N/A	budget-0 row (nothing to suppress)
fmeschia_Focus_AutoFocus_20220422_220015_attempt01	A	0.00	2	0	N/A	budget-0 row (nothing to suppress)
fmeschia_Focus_AutoFocus_20220422_220015_attempt01	A	0.00	3	0	N/A	budget-0 row (nothing to suppress)
fmeschia_Focus_AutoFocus_20220422_220015_attempt01	A	0.25	1	0	N/A	budget-0 row (nothing to suppress)
fmeschia_Focus_AutoFocus_20220422_220015_attempt01	A	0.25	2	0	N/A	budget-0 row (nothing to suppress)
fmeschia_Focus_AutoFocus_20220422_220015_attempt01	A	0.25	3	0	N/A	budget-0 row (nothing to suppress)
fmeschia_Focus_AutoFocus_20220422_220015_attempt01	A	0.50	1	0	N/A	budget-0 row (nothing to suppress)
fmeschia_Focus_AutoFocus_20220422_220015_attempt01	A	0.50	2	0	N/A	budget-0 row (nothing to suppress)
fmeschia_Focus_AutoFocus_20220422_220015_attempt01	A	0.50	3	0	N/A	budget-0 row (nothing to suppress)
fmeschia_Focus_AutoFocus_20220422_220015_attempt01	A	1.00	1	0	N/A	budget-0 row (nothing to suppress)
fmeschia_Focus_AutoFocus_20220422_220015_attempt01	A	1.00	2	0	N/A	budget-0 row (nothing to suppress)
fmeschia_Focus_AutoFocus_20220422_220015_attempt01	A	1.00	3	0	N/A	budget-0 row (nothing to suppress)
fmeschia_Focus_AutoFocus_20220422_220015_attempt01	B	0.50	1	0	N/A	budget-0 row (nothing to suppress)
fmeschia_Focus_AutoFocus_20220422_220015_attempt01	B	0.50	2	0	N/A	budget-0 row (nothing to suppress)
fmeschia_Focus_AutoFocus_20220422_220015_attempt01	B	0.50	3	0	N/A	budget-0 row (nothing to suppress)
fmeschia_Focus_AutoFocus_20220422_220015_attempt01	B	1.00	1	0	N/A	budget-0 row (nothing to suppress)
fmeschia_Focus_AutoFocus_20220422_220015_attempt01	B	1.00	2	0	N/A	budget-0 row (nothing to suppress)
fmeschia_Focus_AutoFocus_20220422_220015_attempt01	B	1.00	3	0	N/A	budget-0 row (nothing to suppress)
lumos_AutoFocus_20260708_231255_attempt01	A	0.00	1	0	N/A	budget-0 row (nothing to suppress)
lumos_AutoFocus_20260708_231255_attempt01	A	0.00	2	2	INDETERMINATE	one of printed budget rows 0..2 (other 3 models' scales are not printed)
lumos_AutoFocus_20260708_231255_attempt01	A	0.00	3	3	INDETERMINATE	one of printed budget rows 0..3 (other 3 models' scales are not printed)
lumos_AutoFocus_20260708_231255_attempt01	A	0.25	1	0	N/A	budget-0 row (nothing to suppress)
lumos_AutoFocus_20260708_231255_attempt01	A	0.25	2	2	INDETERMINATE	one of printed budget rows 0..2 (other 3 models' scales are not printed)
lumos_AutoFocus_20260708_231255_attempt01	A	0.25	3	3	INDETERMINATE	one of printed budget rows 0..3 (other 3 models' scales are not printed)
lumos_AutoFocus_20260708_231255_attempt01	A	0.50	1	0	N/A	budget-0 row (nothing to suppress)
lumos_AutoFocus_20260708_231255_attempt01	A	0.50	2	2	SUPPRESSED	= printed budget-0 row (EXACT: the printed model is one of the four consensus candidates, so the intersection is empty)
lumos_AutoFocus_20260708_231255_attempt01	A	0.50	3	3	SUPPRESSED	= printed budget-0 row (EXACT: the printed model is one of the four consensus candidates, so the intersection is empty)
lumos_AutoFocus_20260708_231255_attempt01	A	1.00	1	0	N/A	budget-0 row (nothing to suppress)
lumos_AutoFocus_20260708_231255_attempt01	A	1.00	2	2	SUPPRESSED	= printed budget-0 row (EXACT: the printed model is one of the four consensus candidates, so the intersection is empty)
lumos_AutoFocus_20260708_231255_attempt01	A	1.00	3	3	SUPPRESSED	= printed budget-0 row (EXACT: the printed model is one of the four consensus candidates, so the intersection is empty)
lumos_AutoFocus_20260708_231255_attempt01	B	0.50	1	0	N/A	budget-0 row (nothing to suppress)
lumos_AutoFocus_20260708_231255_attempt01	B	0.50	2	2	INDETERMINATE	one of printed budget rows 0..2 (other 3 models' scales are not printed)
lumos_AutoFocus_20260708_231255_attempt01	B	0.50	3	3	INDETERMINATE	one of printed budget rows 0..3 (other 3 models' scales are not printed)
lumos_AutoFocus_20260708_231255_attempt01	B	1.00	1	0	N/A	budget-0 row (nothing to suppress)
lumos_AutoFocus_20260708_231255_attempt01	B	1.00	2	2	INDETERMINATE	one of printed budget rows 0..2 (other 3 models' scales are not printed)
lumos_AutoFocus_20260708_231255_attempt01	B	1.00	3	3	INDETERMINATE	one of printed budget rows 0..2 (other 3 models' scales are not printed)
mccomiskey_attempt01	A	0.00	1	0	N/A	budget-0 row (nothing to suppress)
mccomiskey_attempt01	A	0.00	2	0	N/A	budget-0 row (nothing to suppress)
mccomiskey_attempt01	A	0.00	3	0	N/A	budget-0 row (nothing to suppress)
mccomiskey_attempt01	A	0.25	1	0	N/A	budget-0 row (nothing to suppress)
mccomiskey_attempt01	A	0.25	2	0	N/A	budget-0 row (nothing to suppress)
mccomiskey_attempt01	A	0.25	3	0	N/A	budget-0 row (nothing to suppress)
mccomiskey_attempt01	A	0.50	1	0	N/A	budget-0 row (nothing to suppress)
mccomiskey_attempt01	A	0.50	2	0	N/A	budget-0 row (nothing to suppress)
mccomiskey_attempt01	A	0.50	3	0	N/A	budget-0 row (nothing to suppress)
mccomiskey_attempt01	A	1.00	1	0	N/A	budget-0 row (nothing to suppress)
mccomiskey_attempt01	A	1.00	2	0	N/A	budget-0 row (nothing to suppress)
mccomiskey_attempt01	A	1.00	3	0	N/A	budget-0 row (nothing to suppress)
mccomiskey_attempt01	B	0.50	1	0	N/A	budget-0 row (nothing to suppress)
mccomiskey_attempt01	B	0.50	2	0	N/A	budget-0 row (nothing to suppress)
mccomiskey_attempt01	B	0.50	3	0	N/A	budget-0 row (nothing to suppress)
mccomiskey_attempt01	B	1.00	1	0	N/A	budget-0 row (nothing to suppress)
mccomiskey_attempt01	B	1.00	2	0	N/A	budget-0 row (nothing to suppress)
mccomiskey_attempt01	B	1.00	3	0	N/A	budget-0 row (nothing to suppress)
mufti_AutoFocus_20260607_030642-20260615T214722Z-3-001_attempt01	A	0.00	1	1	INDETERMINATE	one of printed budget rows 0..1 (other 3 models' scales are not printed)
mufti_AutoFocus_20260607_030642-20260615T214722Z-3-001_attempt01	A	0.00	2	1	INDETERMINATE	one of printed budget rows 0..1 (other 3 models' scales are not printed)
mufti_AutoFocus_20260607_030642-20260615T214722Z-3-001_attempt01	A	0.00	3	1	INDETERMINATE	one of printed budget rows 0..1 (other 3 models' scales are not printed)
mufti_AutoFocus_20260607_030642-20260615T214722Z-3-001_attempt01	A	0.25	1	1	SUPPRESSED	= printed budget-0 row (EXACT: the printed model is one of the four consensus candidates, so the intersection is empty)
mufti_AutoFocus_20260607_030642-20260615T214722Z-3-001_attempt01	A	0.25	2	1	SUPPRESSED	= printed budget-0 row (EXACT: the printed model is one of the four consensus candidates, so the intersection is empty)
mufti_AutoFocus_20260607_030642-20260615T214722Z-3-001_attempt01	A	0.25	3	1	SUPPRESSED	= printed budget-0 row (EXACT: the printed model is one of the four consensus candidates, so the intersection is empty)
mufti_AutoFocus_20260607_030642-20260615T214722Z-3-001_attempt01	A	0.50	1	1	SUPPRESSED	= printed budget-0 row (EXACT: the printed model is one of the four consensus candidates, so the intersection is empty)
mufti_AutoFocus_20260607_030642-20260615T214722Z-3-001_attempt01	A	0.50	2	1	SUPPRESSED	= printed budget-0 row (EXACT: the printed model is one of the four consensus candidates, so the intersection is empty)
mufti_AutoFocus_20260607_030642-20260615T214722Z-3-001_attempt01	A	0.50	3	1	SUPPRESSED	= printed budget-0 row (EXACT: the printed model is one of the four consensus candidates, so the intersection is empty)
mufti_AutoFocus_20260607_030642-20260615T214722Z-3-001_attempt01	A	1.00	1	1	SUPPRESSED	= printed budget-0 row (EXACT: the printed model is one of the four consensus candidates, so the intersection is empty)
mufti_AutoFocus_20260607_030642-20260615T214722Z-3-001_attempt01	A	1.00	2	1	SUPPRESSED	= printed budget-0 row (EXACT: the printed model is one of the four consensus candidates, so the intersection is empty)
mufti_AutoFocus_20260607_030642-20260615T214722Z-3-001_attempt01	A	1.00	3	1	SUPPRESSED	= printed budget-0 row (EXACT: the printed model is one of the four consensus candidates, so the intersection is empty)
mufti_AutoFocus_20260607_030642-20260615T214722Z-3-001_attempt01	B	0.50	1	1	INDETERMINATE	one of printed budget rows 0..1 (other 3 models' scales are not printed)
mufti_AutoFocus_20260607_030642-20260615T214722Z-3-001_attempt01	B	0.50	2	1	INDETERMINATE	one of printed budget rows 0..1 (other 3 models' scales are not printed)
mufti_AutoFocus_20260607_030642-20260615T214722Z-3-001_attempt01	B	0.50	3	1	INDETERMINATE	one of printed budget rows 0..1 (other 3 models' scales are not printed)
mufti_AutoFocus_20260607_030642-20260615T214722Z-3-001_attempt01	B	1.00	1	1	INDETERMINATE	one of printed budget rows 0..1 (other 3 models' scales are not printed)
mufti_AutoFocus_20260607_030642-20260615T214722Z-3-001_attempt01	B	1.00	2	1	INDETERMINATE	one of printed budget rows 0..1 (other 3 models' scales are not printed)
mufti_AutoFocus_20260607_030642-20260615T214722Z-3-001_attempt01	B	1.00	3	1	INDETERMINATE	one of printed budget rows 0..1 (other 3 models' scales are not printed)
muggsie_AutoFocus_20220526_025003_attempt01	A	0.00	1	0	N/A	budget-0 row (nothing to suppress)
muggsie_AutoFocus_20220526_025003_attempt01	A	0.00	2	0	N/A	budget-0 row (nothing to suppress)
muggsie_AutoFocus_20220526_025003_attempt01	A	0.00	3	0	N/A	budget-0 row (nothing to suppress)
muggsie_AutoFocus_20220526_025003_attempt01	A	0.25	1	0	N/A	budget-0 row (nothing to suppress)
muggsie_AutoFocus_20220526_025003_attempt01	A	0.25	2	0	N/A	budget-0 row (nothing to suppress)
muggsie_AutoFocus_20220526_025003_attempt01	A	0.25	3	0	N/A	budget-0 row (nothing to suppress)
muggsie_AutoFocus_20220526_025003_attempt01	A	0.50	1	0	N/A	budget-0 row (nothing to suppress)
muggsie_AutoFocus_20220526_025003_attempt01	A	0.50	2	0	N/A	budget-0 row (nothing to suppress)
muggsie_AutoFocus_20220526_025003_attempt01	A	0.50	3	0	N/A	budget-0 row (nothing to suppress)
muggsie_AutoFocus_20220526_025003_attempt01	A	1.00	1	0	N/A	budget-0 row (nothing to suppress)
muggsie_AutoFocus_20220526_025003_attempt01	A	1.00	2	0	N/A	budget-0 row (nothing to suppress)
muggsie_AutoFocus_20220526_025003_attempt01	A	1.00	3	0	N/A	budget-0 row (nothing to suppress)
muggsie_AutoFocus_20220526_025003_attempt01	B	0.50	1	0	N/A	budget-0 row (nothing to suppress)
muggsie_AutoFocus_20220526_025003_attempt01	B	0.50	2	0	N/A	budget-0 row (nothing to suppress)
muggsie_AutoFocus_20220526_025003_attempt01	B	0.50	3	0	N/A	budget-0 row (nothing to suppress)
muggsie_AutoFocus_20220526_025003_attempt01	B	1.00	1	0	N/A	budget-0 row (nothing to suppress)
muggsie_AutoFocus_20220526_025003_attempt01	B	1.00	2	0	N/A	budget-0 row (nothing to suppress)
muggsie_AutoFocus_20220526_025003_attempt01	B	1.00	3	0	N/A	budget-0 row (nothing to suppress)
standard_example1_attempt01	A	0.00	1	0	N/A	budget-0 row (nothing to suppress)
standard_example1_attempt01	A	0.00	2	0	N/A	budget-0 row (nothing to suppress)
standard_example1_attempt01	A	0.00	3	0	N/A	budget-0 row (nothing to suppress)
standard_example1_attempt01	A	0.25	1	0	N/A	budget-0 row (nothing to suppress)
standard_example1_attempt01	A	0.25	2	0	N/A	budget-0 row (nothing to suppress)
standard_example1_attempt01	A	0.25	3	0	N/A	budget-0 row (nothing to suppress)
standard_example1_attempt01	A	0.50	1	0	N/A	budget-0 row (nothing to suppress)
standard_example1_attempt01	A	0.50	2	0	N/A	budget-0 row (nothing to suppress)
standard_example1_attempt01	A	0.50	3	0	N/A	budget-0 row (nothing to suppress)
standard_example1_attempt01	A	1.00	1	0	N/A	budget-0 row (nothing to suppress)
standard_example1_attempt01	A	1.00	2	0	N/A	budget-0 row (nothing to suppress)
standard_example1_attempt01	A	1.00	3	0	N/A	budget-0 row (nothing to suppress)
standard_example1_attempt01	B	0.50	1	0	N/A	budget-0 row (nothing to suppress)
standard_example1_attempt01	B	0.50	2	0	N/A	budget-0 row (nothing to suppress)
standard_example1_attempt01	B	0.50	3	0	N/A	budget-0 row (nothing to suppress)
standard_example1_attempt01	B	1.00	1	0	N/A	budget-0 row (nothing to suppress)
standard_example1_attempt01	B	1.00	2	0	N/A	budget-0 row (nothing to suppress)
standard_example1_attempt01	B	1.00	3	0	N/A	budget-0 row (nothing to suppress)
timmer_5_AutoFocus_20260614_021244_attempt01	A	0.00	1	0	N/A	budget-0 row (nothing to suppress)
timmer_5_AutoFocus_20260614_021244_attempt01	A	0.00	2	0	N/A	budget-0 row (nothing to suppress)
timmer_5_AutoFocus_20260614_021244_attempt01	A	0.00	3	0	N/A	budget-0 row (nothing to suppress)
timmer_5_AutoFocus_20260614_021244_attempt01	A	0.25	1	0	N/A	budget-0 row (nothing to suppress)
timmer_5_AutoFocus_20260614_021244_attempt01	A	0.25	2	0	N/A	budget-0 row (nothing to suppress)
timmer_5_AutoFocus_20260614_021244_attempt01	A	0.25	3	0	N/A	budget-0 row (nothing to suppress)
timmer_5_AutoFocus_20260614_021244_attempt01	A	0.50	1	0	N/A	budget-0 row (nothing to suppress)
timmer_5_AutoFocus_20260614_021244_attempt01	A	0.50	2	0	N/A	budget-0 row (nothing to suppress)
timmer_5_AutoFocus_20260614_021244_attempt01	A	0.50	3	0	N/A	budget-0 row (nothing to suppress)
timmer_5_AutoFocus_20260614_021244_attempt01	A	1.00	1	0	N/A	budget-0 row (nothing to suppress)
timmer_5_AutoFocus_20260614_021244_attempt01	A	1.00	2	0	N/A	budget-0 row (nothing to suppress)
timmer_5_AutoFocus_20260614_021244_attempt01	A	1.00	3	0	N/A	budget-0 row (nothing to suppress)
timmer_5_AutoFocus_20260614_021244_attempt01	B	0.50	1	0	N/A	budget-0 row (nothing to suppress)
timmer_5_AutoFocus_20260614_021244_attempt01	B	0.50	2	0	N/A	budget-0 row (nothing to suppress)
timmer_5_AutoFocus_20260614_021244_attempt01	B	0.50	3	0	N/A	budget-0 row (nothing to suppress)
timmer_5_AutoFocus_20260614_021244_attempt01	B	1.00	1	0	N/A	budget-0 row (nothing to suppress)
timmer_5_AutoFocus_20260614_021244_attempt01	B	1.00	2	0	N/A	budget-0 row (nothing to suppress)
timmer_5_AutoFocus_20260614_021244_attempt01	B	1.00	3	0	N/A	budget-0 row (nothing to suppress)
toml999_attempt01	A	0.00	1	1	INDETERMINATE	one of printed budget rows 0..1 (other 3 models' scales are not printed)
toml999_attempt01	A	0.00	2	1	INDETERMINATE	one of printed budget rows 0..1 (other 3 models' scales are not printed)
toml999_attempt01	A	0.00	3	1	INDETERMINATE	one of printed budget rows 0..1 (other 3 models' scales are not printed)
toml999_attempt01	A	0.25	1	1	SUPPRESSED	= printed budget-0 row (EXACT: the printed model is one of the four consensus candidates, so the intersection is empty)
toml999_attempt01	A	0.25	2	1	SUPPRESSED	= printed budget-0 row (EXACT: the printed model is one of the four consensus candidates, so the intersection is empty)
toml999_attempt01	A	0.25	3	1	SUPPRESSED	= printed budget-0 row (EXACT: the printed model is one of the four consensus candidates, so the intersection is empty)
toml999_attempt01	A	0.50	1	1	SUPPRESSED	= printed budget-0 row (EXACT: the printed model is one of the four consensus candidates, so the intersection is empty)
toml999_attempt01	A	0.50	2	1	SUPPRESSED	= printed budget-0 row (EXACT: the printed model is one of the four consensus candidates, so the intersection is empty)
toml999_attempt01	A	0.50	3	1	SUPPRESSED	= printed budget-0 row (EXACT: the printed model is one of the four consensus candidates, so the intersection is empty)
toml999_attempt01	A	1.00	1	1	SUPPRESSED	= printed budget-0 row (EXACT: the printed model is one of the four consensus candidates, so the intersection is empty)
toml999_attempt01	A	1.00	2	1	SUPPRESSED	= printed budget-0 row (EXACT: the printed model is one of the four consensus candidates, so the intersection is empty)
toml999_attempt01	A	1.00	3	1	SUPPRESSED	= printed budget-0 row (EXACT: the printed model is one of the four consensus candidates, so the intersection is empty)
toml999_attempt01	B	0.50	1	1	INDETERMINATE	one of printed budget rows 0..1 (other 3 models' scales are not printed)
toml999_attempt01	B	0.50	2	1	INDETERMINATE	one of printed budget rows 0..1 (other 3 models' scales are not printed)
toml999_attempt01	B	0.50	3	1	INDETERMINATE	one of printed budget rows 0..1 (other 3 models' scales are not printed)
toml999_attempt01	B	1.00	1	1	INDETERMINATE	one of printed budget rows 0..1 (other 3 models' scales are not printed)
toml999_attempt01	B	1.00	2	1	INDETERMINATE	one of printed budget rows 0..1 (other 3 models' scales are not printed)
toml999_attempt01	B	1.00	3	1	INDETERMINATE	one of printed budget rows 0..1 (other 3 models' scales are not printed)
uneven_attempt01	A	0.00	1	0	N/A	budget-0 row (nothing to suppress)
uneven_attempt01	A	0.00	2	0	N/A	budget-0 row (nothing to suppress)
uneven_attempt01	A	0.00	3	0	N/A	budget-0 row (nothing to suppress)
uneven_attempt01	A	0.25	1	0	N/A	budget-0 row (nothing to suppress)
uneven_attempt01	A	0.25	2	0	N/A	budget-0 row (nothing to suppress)
uneven_attempt01	A	0.25	3	0	N/A	budget-0 row (nothing to suppress)
uneven_attempt01	A	0.50	1	0	N/A	budget-0 row (nothing to suppress)
uneven_attempt01	A	0.50	2	0	N/A	budget-0 row (nothing to suppress)
uneven_attempt01	A	0.50	3	0	N/A	budget-0 row (nothing to suppress)
uneven_attempt01	A	1.00	1	0	N/A	budget-0 row (nothing to suppress)
uneven_attempt01	A	1.00	2	0	N/A	budget-0 row (nothing to suppress)
uneven_attempt01	A	1.00	3	0	N/A	budget-0 row (nothing to suppress)
uneven_attempt01	B	0.50	1	0	N/A	budget-0 row (nothing to suppress)
uneven_attempt01	B	0.50	2	0	N/A	budget-0 row (nothing to suppress)
uneven_attempt01	B	0.50	3	0	N/A	budget-0 row (nothing to suppress)
uneven_attempt01	B	1.00	1	0	N/A	budget-0 row (nothing to suppress)
uneven_attempt01	B	1.00	2	0	N/A	budget-0 row (nothing to suppress)
uneven_attempt01	B	1.00	3	0	N/A	budget-0 row (nothing to suppress)
vsn07_AutoFocus_20260714_213204_attempt01	A	0.00	1	0	N/A	budget-0 row (nothing to suppress)
vsn07_AutoFocus_20260714_213204_attempt01	A	0.00	2	0	N/A	budget-0 row (nothing to suppress)
vsn07_AutoFocus_20260714_213204_attempt01	A	0.00	3	0	N/A	budget-0 row (nothing to suppress)
vsn07_AutoFocus_20260714_213204_attempt01	A	0.25	1	0	N/A	budget-0 row (nothing to suppress)
vsn07_AutoFocus_20260714_213204_attempt01	A	0.25	2	0	N/A	budget-0 row (nothing to suppress)
vsn07_AutoFocus_20260714_213204_attempt01	A	0.25	3	0	N/A	budget-0 row (nothing to suppress)
vsn07_AutoFocus_20260714_213204_attempt01	A	0.50	1	0	N/A	budget-0 row (nothing to suppress)
vsn07_AutoFocus_20260714_213204_attempt01	A	0.50	2	0	N/A	budget-0 row (nothing to suppress)
vsn07_AutoFocus_20260714_213204_attempt01	A	0.50	3	0	N/A	budget-0 row (nothing to suppress)
vsn07_AutoFocus_20260714_213204_attempt01	A	1.00	1	0	N/A	budget-0 row (nothing to suppress)
vsn07_AutoFocus_20260714_213204_attempt01	A	1.00	2	0	N/A	budget-0 row (nothing to suppress)
vsn07_AutoFocus_20260714_213204_attempt01	A	1.00	3	0	N/A	budget-0 row (nothing to suppress)
vsn07_AutoFocus_20260714_213204_attempt01	B	0.50	1	0	N/A	budget-0 row (nothing to suppress)
vsn07_AutoFocus_20260714_213204_attempt01	B	0.50	2	0	N/A	budget-0 row (nothing to suppress)
vsn07_AutoFocus_20260714_213204_attempt01	B	0.50	3	0	N/A	budget-0 row (nothing to suppress)
vsn07_AutoFocus_20260714_213204_attempt01	B	1.00	1	0	N/A	budget-0 row (nothing to suppress)
vsn07_AutoFocus_20260714_213204_attempt01	B	1.00	2	0	N/A	budget-0 row (nothing to suppress)
vsn07_AutoFocus_20260714_213204_attempt01	B	1.00	3	0	N/A	budget-0 row (nothing to suppress)
