run	family	rung	round	N	scale_lo	scale_hi	printed_MAD	max_z	limit	margin	state	verdict
CWhiteFocus_AutoFocus_20220429_000244_attempt01	A	0.00	1	9	0.246701	0.24685	0.2468	2.8410	2.2150	1.2826	INERT	REJECT
CWhiteFocus_AutoFocus_20220429_000244_attempt01	A	0.00	2	8	0.181659	0.181835	0.1817	2.1640	2.1270	1.0174	INERT	REJECT
CWhiteFocus_AutoFocus_20220429_000244_attempt01	A	0.00	3	7	0.0507412	0.0507782	0.0508	6.7790	2.0200	3.3559	INERT	REJECT
CWhiteFocus_AutoFocus_20220429_000244_attempt01	A	0.25	1	9	0.246701	0.24685	0.2468	2.8410	2.2150	1.2826	RESOLVED	REJECT
CWhiteFocus_AutoFocus_20220429_000244_attempt01	A	0.25	2	8	0.181659	0.181835	0.1817	2.1640	2.1270	1.0174	RESOLVED	KEEP
CWhiteFocus_AutoFocus_20220429_000244_attempt01	A	0.50	1	9	0.246701	0.24685	0.2468	2.8410	2.2150	1.2826	RESOLVED	KEEP
CWhiteFocus_AutoFocus_20220429_000244_attempt01	A	1.00	1	9	0.246701	0.24685	0.2468	2.8410	2.2150	1.2826	RESOLVED	KEEP
CWhiteFocus_AutoFocus_20220429_000244_attempt01	B	0.50	1	9	0.246701	0.24685	0.2468	2.8410	2.2150	1.2826	INERT	REJECT
CWhiteFocus_AutoFocus_20220429_000244_attempt01	B	0.50	2	8	0.181659	0.181835	0.1817	2.1640	2.1270	1.0174	INERT	REJECT
CWhiteFocus_AutoFocus_20220429_000244_attempt01	B	0.50	3	7	0.0507412	0.0507782	0.0508	6.7790	2.0200	3.3559	RESOLVED	REJECT
CWhiteFocus_AutoFocus_20220429_000244_attempt01	B	1.00	1	9	0.246701	0.24685	0.2468	2.8410	2.2150	1.2826	RESOLVED	REJECT
CWhiteFocus_AutoFocus_20220429_000244_attempt01	B	1.00	2	8	0.181659	0.181835	0.1817	2.1640	2.1270	1.0174	RESOLVED	KEEP
D01_ultrawide_40mm	A	0.00	1	8	0.988302	0.988588	0.9885	2.1280	2.1270	1.0005	INERT	REJECT
D01_ultrawide_40mm	A	0.00	2	7	0.0569767	0.0569811	0.0570	32.6780	2.0200	16.1772	INERT	REJECT
D01_ultrawide_40mm	A	0.00	3	6	0.0563425	0.0563508	0.0563	22.6000	1.8870	11.9767	INERT	REJECT
D01_ultrawide_40mm	A	0.25	1	8	0.988302	0.988588	0.9885	2.1280	2.1270	1.0005	INERT	REJECT
D01_ultrawide_40mm	A	0.25	2	7	0.0569767	0.0569811	0.0570	32.6780	2.0200	16.1772	RESOLVED	REJECT
D01_ultrawide_40mm	A	0.25	3	6	0.0563425	0.0563508	0.0563	22.6000	1.8870	11.9767	RESOLVED	REJECT
D01_ultrawide_40mm	A	0.50	1	8	0.988302	0.988588	0.9885	2.1280	2.1270	1.0005	INERT	REJECT
D01_ultrawide_40mm	A	0.50	2	7	0.0569767	0.0569811	0.0570	32.6780	2.0200	16.1772	RESOLVED	REJECT
D01_ultrawide_40mm	A	0.50	3	6	0.0563425	0.0563508	0.0563	22.6000	1.8870	11.9767	RESOLVED	REJECT
D01_ultrawide_40mm	A	1.00	1	8	0.988302	0.988588	0.9885	2.1280	2.1270	1.0005	RESOLVED	KEEP
D01_ultrawide_40mm	B	0.50	1	8	0.988302	0.988588	0.9885	2.1280	2.1270	1.0005	INERT	REJECT
D01_ultrawide_40mm	B	0.50	2	7	0.0569767	0.0569811	0.0570	32.6780	2.0200	16.1772	RESOLVED	REJECT
D01_ultrawide_40mm	B	0.50	3	6	0.0563425	0.0563508	0.0563	22.6000	1.8870	11.9767	RESOLVED	REJECT
D01_ultrawide_40mm	B	1.00	1	8	0.988302	0.988588	0.9885	2.1280	2.1270	1.0005	RESOLVED	REJECT
D01_ultrawide_40mm	B	1.00	2	7	0.0569767	0.0569811	0.0570	32.6780	2.0200	16.1772	RESOLVED	KEEP
D02_rich_135mm	A	0.00	1	8	0.701611	0.701989	0.7018	2.0370	2.1270	0.9577	INERT	KEEP
D02_rich_135mm	A	0.25	1	8	0.701611	0.701989	0.7018	2.0370	2.1270	0.9577	INERT	KEEP
D02_rich_135mm	A	0.50	1	8	0.701611	0.701989	0.7018	2.0370	2.1270	0.9577	INERT	KEEP
D02_rich_135mm	A	1.00	1	8	0.701611	0.701989	0.7018	2.0370	2.1270	0.9577	RESOLVED	KEEP
D02_rich_135mm	B	0.50	1	8	0.701611	0.701989	0.7018	2.0370	2.1270	0.9577	INERT	KEEP
D02_rich_135mm	B	1.00	1	8	0.701611	0.701989	0.7018	2.0370	2.1270	0.9577	RESOLVED	KEEP
D03_redcat_250mm	A	0.00	1	9	1.8064	1.80814	1.8069	1.1550	2.2150	0.5214	INERT	KEEP
D03_redcat_250mm	A	0.25	1	9	1.8064	1.80814	1.8069	1.1550	2.2150	0.5214	INERT	KEEP
D03_redcat_250mm	A	0.50	1	9	1.8064	1.80814	1.8069	1.1550	2.2150	0.5214	INERT	KEEP
D03_redcat_250mm	A	1.00	1	9	1.8064	1.80814	1.8069	1.1550	2.2150	0.5214	INERT	KEEP
D03_redcat_250mm	B	0.50	1	9	1.8064	1.80814	1.8069	1.1550	2.2150	0.5214	INERT	KEEP
D03_redcat_250mm	B	1.00	1	9	1.8064	1.80814	1.8069	1.1550	2.2150	0.5214	RESOLVED	KEEP
D04_esprit_550mm	A	0.00	1	9	0.382214	0.382637	0.3824	1.3770	2.2150	0.6217	INERT	KEEP
D04_esprit_550mm	A	0.25	1	9	0.382214	0.382637	0.3824	1.3770	2.2150	0.6217	INERT	KEEP
D04_esprit_550mm	A	0.50	1	9	0.382214	0.382637	0.3824	1.3770	2.2150	0.6217	RESOLVED	KEEP
D04_esprit_550mm	A	1.00	1	9	0.382214	0.382637	0.3824	1.3770	2.2150	0.6217	RESOLVED	KEEP
D04_esprit_550mm	B	0.50	1	9	0.382214	0.382637	0.3824	1.3770	2.2150	0.6217	INERT	KEEP
D04_esprit_550mm	B	1.00	1	9	0.382214	0.382637	0.3824	1.3770	2.2150	0.6217	RESOLVED	KEEP
D05_tec140_1000mm	A	0.00	1	9	0.130716	0.130986	0.1309	1.2220	2.2150	0.5517	INERT	KEEP
D05_tec140_1000mm	A	0.25	1	9	0.130716	0.130986	0.1309	1.2220	2.2150	0.5517	RESOLVED	KEEP
D05_tec140_1000mm	A	0.50	1	9	0.130716	0.130986	0.1309	1.2220	2.2150	0.5517	RESOLVED	KEEP
D05_tec140_1000mm	A	1.00	1	9	0.130716	0.130986	0.1309	1.2220	2.2150	0.5517	RESOLVED	KEEP
D05_tec140_1000mm	B	0.50	1	9	0.130716	0.130986	0.1309	1.2220	2.2150	0.5517	INERT	KEEP
D05_tec140_1000mm	B	1.00	1	9	0.130716	0.130986	0.1309	1.2220	2.2150	0.5517	RESOLVED	KEEP
D06_sparse_1000mm	A	0.00	1	9	0.246257	0.246683	0.2465	1.0480	2.2150	0.4731	INERT	KEEP
D06_sparse_1000mm	A	0.25	1	9	0.246257	0.246683	0.2465	1.0480	2.2150	0.4731	RESOLVED	KEEP
D06_sparse_1000mm	A	0.50	1	9	0.246257	0.246683	0.2465	1.0480	2.2150	0.4731	RESOLVED	KEEP
D06_sparse_1000mm	A	1.00	1	9	0.246257	0.246683	0.2465	1.0480	2.2150	0.4731	RESOLVED	KEEP
D06_sparse_1000mm	B	0.50	1	9	0.246257	0.246683	0.2465	1.0480	2.2150	0.4731	INERT	KEEP
D06_sparse_1000mm	B	1.00	1	9	0.246257	0.246683	0.2465	1.0480	2.2150	0.4731	RESOLVED	KEEP
D07_rc10_2000mm	A	0.00	1	9	0.0561555	0.056377	0.0563	1.1570	2.2150	0.5223	INERT	KEEP
D07_rc10_2000mm	A	0.25	1	9	0.0561555	0.056377	0.0563	1.1570	2.2150	0.5223	RESOLVED	KEEP
D07_rc10_2000mm	A	0.50	1	9	0.0561555	0.056377	0.0563	1.1570	2.2150	0.5223	RESOLVED	KEEP
D07_rc10_2000mm	A	1.00	1	9	0.0561555	0.056377	0.0563	1.1570	2.2150	0.5223	RESOLVED	KEEP
D07_rc10_2000mm	B	0.50	1	9	0.0561555	0.056377	0.0563	1.1570	2.2150	0.5223	INERT	KEEP
D07_rc10_2000mm	B	1.00	1	9	0.0561555	0.056377	0.0563	1.1570	2.2150	0.5223	RESOLVED	KEEP
D08_c11_2800mm	A	0.00	1	9	0.0571409	0.0571759	0.0572	7.3480	2.2150	3.3174	INERT	REJECT
D08_c11_2800mm	A	0.00	2	8	0.0476428	0.0477026	0.0477	4.1030	2.1270	1.9290	INERT	REJECT
D08_c11_2800mm	A	0.00	3	7	0.000222414	0.000222796	0.0002	503.5640	2.0200	249.2891	INERT	REJECT
D08_c11_2800mm	A	0.25	1	9	0.0571409	0.0571759	0.0572	7.3480	2.2150	3.3174	RESOLVED	KEEP
D08_c11_2800mm	A	0.50	1	9	0.0571409	0.0571759	0.0572	7.3480	2.2150	3.3174	RESOLVED	KEEP
D08_c11_2800mm	A	1.00	1	9	0.0571409	0.0571759	0.0572	7.3480	2.2150	3.3174	RESOLVED	KEEP
D08_c11_2800mm	B	0.50	1	9	0.0571409	0.0571759	0.0572	7.3480	2.2150	3.3174	INERT	REJECT
D08_c11_2800mm	B	0.50	2	8	0.0476428	0.0477026	0.0477	4.1030	2.1270	1.9290	INERT	REJECT
D08_c11_2800mm	B	0.50	3	7	0.000222414	0.000222796	0.0002	503.5640	2.0200	249.2891	RESOLVED	REJECT
D08_c11_2800mm	B	1.00	1	9	0.0571409	0.0571759	0.0572	7.3480	2.2150	3.3174	RESOLVED	REJECT
D08_c11_2800mm	B	1.00	2	8	0.0476428	0.0477026	0.0477	4.1030	2.1270	1.9290	RESOLVED	REJECT
D08_c11_2800mm	B	1.00	3	7	0.000222414	0.000222796	0.0002	503.5640	2.0200	249.2891	RESOLVED	KEEP
D09_c14_3800mm	A	0.00	1	9	0.653908	0.65428	0.6542	2.2960	2.2150	1.0366	INERT	REJECT
D09_c14_3800mm	A	0.00	2	8	0.403639	0.403895	0.4039	1.6950	2.1270	0.7969	INERT	KEEP
D09_c14_3800mm	A	0.25	1	9	0.653908	0.65428	0.6542	2.2960	2.2150	1.0366	INERT	REJECT
D09_c14_3800mm	A	0.25	2	8	0.403639	0.403895	0.4039	1.6950	2.1270	0.7969	INERT	KEEP
D09_c14_3800mm	A	0.50	1	9	0.653908	0.65428	0.6542	2.2960	2.2150	1.0366	INERT	REJECT
D09_c14_3800mm	A	0.50	2	8	0.403639	0.403895	0.4039	1.6950	2.1270	0.7969	RESOLVED	KEEP
D09_c14_3800mm	A	1.00	1	9	0.653908	0.65428	0.6542	2.2960	2.2150	1.0366	RESOLVED	KEEP
D09_c14_3800mm	B	0.50	1	9	0.653908	0.65428	0.6542	2.2960	2.2150	1.0366	INERT	REJECT
D09_c14_3800mm	B	0.50	2	8	0.403639	0.403895	0.4039	1.6950	2.1270	0.7969	INERT	KEEP
D09_c14_3800mm	B	1.00	1	9	0.653908	0.65428	0.6542	2.2960	2.2150	1.0366	RESOLVED	REJECT
D09_c14_3800mm	B	1.00	2	8	0.403639	0.403895	0.4039	1.6950	2.1270	0.7969	RESOLVED	KEEP
D10_rc16_3250mm_sparse	A	0.00	1	9	0.249765	0.249988	0.2499	2.0250	2.2150	0.9142	INERT	KEEP
D10_rc16_3250mm_sparse	A	0.25	1	9	0.249765	0.249988	0.2499	2.0250	2.2150	0.9142	RESOLVED	KEEP
D10_rc16_3250mm_sparse	A	0.50	1	9	0.249765	0.249988	0.2499	2.0250	2.2150	0.9142	RESOLVED	KEEP
D10_rc16_3250mm_sparse	A	1.00	1	9	0.249765	0.249988	0.2499	2.0250	2.2150	0.9142	RESOLVED	KEEP
D10_rc16_3250mm_sparse	B	0.50	1	9	0.249765	0.249988	0.2499	2.0250	2.2150	0.9142	INERT	KEEP
D10_rc16_3250mm_sparse	B	1.00	1	9	0.249765	0.249988	0.2499	2.0250	2.2150	0.9142	RESOLVED	KEEP
D11_rc10_585_afbin2	A	0.00	1	9	0.0647168	0.0647915	0.0648	2.5780	2.2150	1.1639	INERT	REJECT
D11_rc10_585_afbin2	A	0.00	2	8	0.0508245	0.0509602	0.0509	1.8490	2.1270	0.8693	INERT	KEEP
D11_rc10_585_afbin2	A	0.25	1	9	0.0647168	0.0647915	0.0648	2.5780	2.2150	1.1639	RESOLVED	KEEP
D11_rc10_585_afbin2	A	0.50	1	9	0.0647168	0.0647915	0.0648	2.5780	2.2150	1.1639	RESOLVED	KEEP
D11_rc10_585_afbin2	A	1.00	1	9	0.0647168	0.0647915	0.0648	2.5780	2.2150	1.1639	RESOLVED	KEEP
D11_rc10_585_afbin2	B	0.50	1	9	0.0647168	0.0647915	0.0648	2.5780	2.2150	1.1639	INERT	REJECT
D11_rc10_585_afbin2	B	0.50	2	8	0.0508245	0.0509602	0.0509	1.8490	2.1270	0.8693	INERT	KEEP
D11_rc10_585_afbin2	B	1.00	1	9	0.0647168	0.0647915	0.0648	2.5780	2.2150	1.1639	RESOLVED	REJECT
D11_rc10_585_afbin2	B	1.00	2	8	0.0508245	0.0509602	0.0509	1.8490	2.1270	0.8693	RESOLVED	KEEP
D12_c14_585_afbin2	A	0.00	1	9	0.161974	0.162048	0.1620	4.3850	2.2150	1.9797	INERT	REJECT
D12_c14_585_afbin2	A	0.00	2	8	0.400819	0.401367	0.4012	1.0980	2.1270	0.5162	INERT	KEEP
D12_c14_585_afbin2	A	0.25	1	9	0.161974	0.162048	0.1620	4.3850	2.2150	1.9797	RESOLVED	REJECT
D12_c14_585_afbin2	A	0.25	2	8	0.400819	0.401367	0.4012	1.0980	2.1270	0.5162	INERT	KEEP
D12_c14_585_afbin2	A	0.50	1	9	0.161974	0.162048	0.1620	4.3850	2.2150	1.9797	RESOLVED	KEEP
D12_c14_585_afbin2	A	1.00	1	9	0.161974	0.162048	0.1620	4.3850	2.2150	1.9797	RESOLVED	KEEP
D12_c14_585_afbin2	B	0.50	1	9	0.161974	0.162048	0.1620	4.3850	2.2150	1.9797	INERT	REJECT
D12_c14_585_afbin2	B	0.50	2	8	0.400819	0.401367	0.4012	1.0980	2.1270	0.5162	INERT	KEEP
D12_c14_585_afbin2	B	1.00	1	9	0.161974	0.162048	0.1620	4.3850	2.2150	1.9797	RESOLVED	REJECT
D12_c14_585_afbin2	B	1.00	2	8	0.400819	0.401367	0.4012	1.0980	2.1270	0.5162	INERT	KEEP
D13_apo200_1800mm	A	0.00	1	9	0.295907	0.296084	0.2960	1.6220	2.2150	0.7323	INERT	KEEP
D13_apo200_1800mm	A	0.25	1	9	0.295907	0.296084	0.2960	1.6220	2.2150	0.7323	INERT	KEEP
D13_apo200_1800mm	A	0.50	1	9	0.295907	0.296084	0.2960	1.6220	2.2150	0.7323	RESOLVED	KEEP
D13_apo200_1800mm	A	1.00	1	9	0.295907	0.296084	0.2960	1.6220	2.2150	0.7323	RESOLVED	KEEP
D13_apo200_1800mm	B	0.50	1	9	0.295907	0.296084	0.2960	1.6220	2.2150	0.7323	INERT	KEEP
D13_apo200_1800mm	B	1.00	1	9	0.295907	0.296084	0.2960	1.6220	2.2150	0.7323	RESOLVED	KEEP
D14_cdk14_2563mm_e47	A	0.00	1	9	0.150582	0.150679	0.1506	1.9320	2.2150	0.8722	INERT	KEEP
D14_cdk14_2563mm_e47	A	0.25	1	9	0.150582	0.150679	0.1506	1.9320	2.2150	0.8722	RESOLVED	KEEP
D14_cdk14_2563mm_e47	A	0.50	1	9	0.150582	0.150679	0.1506	1.9320	2.2150	0.8722	RESOLVED	KEEP
D14_cdk14_2563mm_e47	A	1.00	1	9	0.150582	0.150679	0.1506	1.9320	2.2150	0.8722	RESOLVED	KEEP
D14_cdk14_2563mm_e47	B	0.50	1	9	0.150582	0.150679	0.1506	1.9320	2.2150	0.8722	INERT	KEEP
D14_cdk14_2563mm_e47	B	1.00	1	9	0.150582	0.150679	0.1506	1.9320	2.2150	0.8722	RESOLVED	KEEP
D15_cdk20_3454mm_e47	A	0.00	1	9	0.49877	0.499235	0.4988	1.5030	2.2150	0.6786	INERT	KEEP
D15_cdk20_3454mm_e47	A	0.25	1	9	0.49877	0.499235	0.4988	1.5030	2.2150	0.6786	INERT	KEEP
D15_cdk20_3454mm_e47	A	0.50	1	9	0.49877	0.499235	0.4988	1.5030	2.2150	0.6786	RESOLVED	KEEP
D15_cdk20_3454mm_e47	A	1.00	1	9	0.49877	0.499235	0.4988	1.5030	2.2150	0.6786	RESOLVED	KEEP
D15_cdk20_3454mm_e47	B	0.50	1	9	0.49877	0.499235	0.4988	1.5030	2.2150	0.6786	INERT	KEEP
D15_cdk20_3454mm_e47	B	1.00	1	9	0.49877	0.499235	0.4988	1.5030	2.2150	0.6786	RESOLVED	KEEP
D16_esprit550_ha3	A	0.00	1	9	0.314097	0.314168	0.3141	4.7630	2.2150	2.1503	INERT	REJECT
D16_esprit550_ha3	A	0.00	2	8	0.624323	0.62508	0.6247	1.0890	2.1270	0.5120	INERT	KEEP
D16_esprit550_ha3	A	0.25	1	9	0.314097	0.314168	0.3141	4.7630	2.2150	2.1503	INERT	REJECT
D16_esprit550_ha3	A	0.25	2	8	0.624323	0.62508	0.6247	1.0890	2.1270	0.5120	INERT	KEEP
D16_esprit550_ha3	A	0.50	1	9	0.314097	0.314168	0.3141	4.7630	2.2150	2.1503	RESOLVED	REJECT
D16_esprit550_ha3	A	0.50	2	8	0.624323	0.62508	0.6247	1.0890	2.1270	0.5120	INERT	KEEP
D16_esprit550_ha3	A	1.00	1	9	0.314097	0.314168	0.3141	4.7630	2.2150	2.1503	RESOLVED	KEEP
D16_esprit550_ha3	B	0.50	1	9	0.314097	0.314168	0.3141	4.7630	2.2150	2.1503	INERT	REJECT
D16_esprit550_ha3	B	0.50	2	8	0.624323	0.62508	0.6247	1.0890	2.1270	0.5120	INERT	KEEP
D16_esprit550_ha3	B	1.00	1	9	0.314097	0.314168	0.3141	4.7630	2.2150	2.1503	RESOLVED	REJECT
D16_esprit550_ha3	B	1.00	2	8	0.624323	0.62508	0.6247	1.0890	2.1270	0.5120	INERT	KEEP
D17_cdk14_oiii5	A	0.00	1	9	0.502667	0.502925	0.5029	2.7180	2.2150	1.2271	INERT	REJECT
D17_cdk14_oiii5	A	0.00	2	8	0.304864	0.305049	0.3050	2.2880	2.1270	1.0757	INERT	REJECT
D17_cdk14_oiii5	A	0.00	3	7	0.345867	0.346335	0.3461	1.1670	2.0200	0.5777	INERT	KEEP
D17_cdk14_oiii5	A	0.25	1	9	0.502667	0.502925	0.5029	2.7180	2.2150	1.2271	INERT	REJECT
D17_cdk14_oiii5	A	0.25	2	8	0.304864	0.305049	0.3050	2.2880	2.1270	1.0757	INERT	REJECT
D17_cdk14_oiii5	A	0.25	3	7	0.345867	0.346335	0.3461	1.1670	2.0200	0.5777	INERT	KEEP
D17_cdk14_oiii5	A	0.50	1	9	0.502667	0.502925	0.5029	2.7180	2.2150	1.2271	INERT	REJECT
D17_cdk14_oiii5	A	0.50	2	8	0.304864	0.305049	0.3050	2.2880	2.1270	1.0757	RESOLVED	KEEP
D17_cdk14_oiii5	A	1.00	1	9	0.502667	0.502925	0.5029	2.7180	2.2150	1.2271	RESOLVED	KEEP
D17_cdk14_oiii5	B	0.50	1	9	0.502667	0.502925	0.5029	2.7180	2.2150	1.2271	INERT	REJECT
D17_cdk14_oiii5	B	0.50	2	8	0.304864	0.305049	0.3050	2.2880	2.1270	1.0757	INERT	REJECT
D17_cdk14_oiii5	B	0.50	3	7	0.345867	0.346335	0.3461	1.1670	2.0200	0.5777	INERT	KEEP
D17_cdk14_oiii5	B	1.00	1	9	0.502667	0.502925	0.5029	2.7180	2.2150	1.2271	RESOLVED	REJECT
D17_cdk14_oiii5	B	1.00	2	8	0.304864	0.305049	0.3050	2.2880	2.1270	1.0757	RESOLVED	KEEP
D18_m24_deep_shed	A	0.00	1	9	0.363806	0.364211	0.3640	1.3920	2.2150	0.6284	INERT	KEEP
D18_m24_deep_shed	A	0.25	1	9	0.363806	0.364211	0.3640	1.3920	2.2150	0.6284	INERT	KEEP
D18_m24_deep_shed	A	0.50	1	9	0.363806	0.364211	0.3640	1.3920	2.2150	0.6284	RESOLVED	KEEP
D18_m24_deep_shed	A	1.00	1	9	0.363806	0.364211	0.3640	1.3920	2.2150	0.6284	RESOLVED	KEEP
D18_m24_deep_shed	B	0.50	1	9	0.363806	0.364211	0.3640	1.3920	2.2150	0.6284	INERT	KEEP
D18_m24_deep_shed	B	1.00	1	9	0.363806	0.364211	0.3640	1.3920	2.2150	0.6284	RESOLVED	KEEP
D19_cygnus_deep_shed	A	0.00	1	9	0.178441	0.178742	0.1786	0.8240	2.2150	0.3720	INERT	KEEP
D19_cygnus_deep_shed	A	0.25	1	9	0.178441	0.178742	0.1786	0.8240	2.2150	0.3720	RESOLVED	KEEP
D19_cygnus_deep_shed	A	0.50	1	9	0.178441	0.178742	0.1786	0.8240	2.2150	0.3720	RESOLVED	KEEP
D19_cygnus_deep_shed	A	1.00	1	9	0.178441	0.178742	0.1786	0.8240	2.2150	0.3720	RESOLVED	KEEP
D19_cygnus_deep_shed	B	0.50	1	9	0.178441	0.178742	0.1786	0.8240	2.2150	0.3720	INERT	KEEP
D19_cygnus_deep_shed	B	1.00	1	9	0.178441	0.178742	0.1786	0.8240	2.2150	0.3720	RESOLVED	KEEP
D20_m24_bright_control	A	0.00	1	9	0.178592	0.178904	0.1789	1.2140	2.2150	0.5481	INERT	KEEP
D20_m24_bright_control	A	0.25	1	9	0.178592	0.178904	0.1789	1.2140	2.2150	0.5481	RESOLVED	KEEP
D20_m24_bright_control	A	0.50	1	9	0.178592	0.178904	0.1789	1.2140	2.2150	0.5481	RESOLVED	KEEP
D20_m24_bright_control	A	1.00	1	9	0.178592	0.178904	0.1789	1.2140	2.2150	0.5481	RESOLVED	KEEP
D20_m24_bright_control	B	0.50	1	9	0.178592	0.178904	0.1789	1.2140	2.2150	0.5481	INERT	KEEP
D20_m24_bright_control	B	1.00	1	9	0.178592	0.178904	0.1789	1.2140	2.2150	0.5481	RESOLVED	KEEP
FlyData_AutoFocus_20260607_030642_attempt01	A	0.00	1	9	0.104644	0.104712	0.1047	4.4250	2.2150	1.9977	INERT	REJECT
FlyData_AutoFocus_20260607_030642_attempt01	A	0.00	2	8	0.00138021	0.00138085	0.0014	194.1010	2.1270	91.2558	INERT	REJECT
FlyData_AutoFocus_20260607_030642_attempt01	A	0.00	3	7	1.81967e-06	1.8211e-06	0.0000	139860.5210	2.0200	69237.8817	INERT	REJECT
FlyData_AutoFocus_20260607_030642_attempt01	A	0.25	1	9	0.104644	0.104712	0.1047	4.4250	2.2150	1.9977	RESOLVED	KEEP
FlyData_AutoFocus_20260607_030642_attempt01	A	0.50	1	9	0.104644	0.104712	0.1047	4.4250	2.2150	1.9977	RESOLVED	KEEP
FlyData_AutoFocus_20260607_030642_attempt01	A	1.00	1	9	0.104644	0.104712	0.1047	4.4250	2.2150	1.9977	RESOLVED	KEEP
FlyData_AutoFocus_20260607_030642_attempt01	B	0.50	1	9	0.104644	0.104712	0.1047	4.4250	2.2150	1.9977	INERT	REJECT
FlyData_AutoFocus_20260607_030642_attempt01	B	0.50	2	8	0.00138021	0.00138085	0.0014	194.1010	2.1270	91.2558	RESOLVED	REJECT
FlyData_AutoFocus_20260607_030642_attempt01	B	0.50	3	7	1.81967e-06	1.8211e-06	0.0000	139860.5210	2.0200	69237.8817	RESOLVED	REJECT
FlyData_AutoFocus_20260607_030642_attempt01	B	1.00	1	9	0.104644	0.104712	0.1047	4.4250	2.2150	1.9977	RESOLVED	REJECT
FlyData_AutoFocus_20260607_030642_attempt01	B	1.00	2	8	0.00138021	0.00138085	0.0014	194.1010	2.1270	91.2558	RESOLVED	REJECT
FlyData_AutoFocus_20260607_030642_attempt01	B	1.00	3	7	1.81967e-06	1.8211e-06	0.0000	139860.5210	2.0200	69237.8817	RESOLVED	REJECT
LinwoodFocus_AutoFocus_20220329_211008_attempt01	A	0.00	1	9	0.106935	0.106973	0.1070	4.2810	2.2150	1.9327	INERT	REJECT
LinwoodFocus_AutoFocus_20220329_211008_attempt01	A	0.00	2	8	0.0938498	0.0940067	0.0939	1.6440	2.1270	0.7729	INERT	KEEP
LinwoodFocus_AutoFocus_20220329_211008_attempt01	A	0.25	1	9	0.106935	0.106973	0.1070	4.2810	2.2150	1.9327	RESOLVED	KEEP
LinwoodFocus_AutoFocus_20220329_211008_attempt01	A	0.50	1	9	0.106935	0.106973	0.1070	4.2810	2.2150	1.9327	RESOLVED	KEEP
LinwoodFocus_AutoFocus_20220329_211008_attempt01	A	1.00	1	9	0.106935	0.106973	0.1070	4.2810	2.2150	1.9327	RESOLVED	KEEP
LinwoodFocus_AutoFocus_20220329_211008_attempt01	B	0.50	1	9	0.106935	0.106973	0.1070	4.2810	2.2150	1.9327	INERT	REJECT
LinwoodFocus_AutoFocus_20220329_211008_attempt01	B	0.50	2	8	0.0938498	0.0940067	0.0939	1.6440	2.1270	0.7729	INERT	KEEP
LinwoodFocus_AutoFocus_20220329_211008_attempt01	B	1.00	1	9	0.106935	0.106973	0.1070	4.2810	2.2150	1.9327	RESOLVED	REJECT
LinwoodFocus_AutoFocus_20220329_211008_attempt01	B	1.00	2	8	0.0938498	0.0940067	0.0939	1.6440	2.1270	0.7729	RESOLVED	KEEP
Panos_attempt01	A	0.00	1	6	0.000246279	0.000246358	0.0002	1428.8180	1.8870	757.1902	INERT	REJECT
Panos_attempt01	A	0.00	2	5	1.49737e-06	1.49848e-06	0.0000	180049.2650	1.7150	104984.9942	INERT	REJECT
Panos_attempt01	A	0.00	3	4	0	6.11434e-05	0.0000	1.6360	1.4810	1.1047	INERT	REJECT
Panos_attempt01	A	0.25	1	6	0.000246279	0.000246358	0.0002	1428.8180	1.8870	757.1902	RESOLVED	KEEP
Panos_attempt01	A	0.50	1	6	0.000246279	0.000246358	0.0002	1428.8180	1.8870	757.1902	RESOLVED	KEEP
Panos_attempt01	A	1.00	1	6	0.000246279	0.000246358	0.0002	1428.8180	1.8870	757.1902	RESOLVED	KEEP
Panos_attempt01	B	0.50	1	6	0.000246279	0.000246358	0.0002	1428.8180	1.8870	757.1902	INERT	REJECT
Panos_attempt01	B	0.50	2	5	1.49737e-06	1.49848e-06	0.0000	180049.2650	1.7150	104984.9942	RESOLVED	REJECT
Panos_attempt01	B	0.50	3	4	0	6.11434e-05	0.0000	1.6360	1.4810	1.1047	RESOLVED	KEEP
Panos_attempt01	B	1.00	1	6	0.000246279	0.000246358	0.0002	1428.8180	1.8870	757.1902	RESOLVED	REJECT
Panos_attempt01	B	1.00	2	5	1.49737e-06	1.49848e-06	0.0000	180049.2650	1.7150	104984.9942	RESOLVED	REJECT
Panos_attempt01	B	1.00	3	4	0	6.11434e-05	0.0000	1.6360	1.4810	1.1047	RESOLVED	KEEP
SorenVance_AutoFocus_20260711_014141_attempt01	A	0.00	1	6	0.405978	0.406314	0.4061	1.8060	1.8870	0.9571	INERT	KEEP
SorenVance_AutoFocus_20260711_014141_attempt01	A	0.25	1	6	0.405978	0.406314	0.4061	1.8060	1.8870	0.9571	INERT	KEEP
SorenVance_AutoFocus_20260711_014141_attempt01	A	0.50	1	6	0.405978	0.406314	0.4061	1.8060	1.8870	0.9571	RESOLVED	KEEP
SorenVance_AutoFocus_20260711_014141_attempt01	A	1.00	1	6	0.405978	0.406314	0.4061	1.8060	1.8870	0.9571	RESOLVED	KEEP
SorenVance_AutoFocus_20260711_014141_attempt01	B	0.50	1	6	0.405978	0.406314	0.4061	1.8060	1.8870	0.9571	INERT	KEEP
SorenVance_AutoFocus_20260711_014141_attempt01	B	1.00	1	6	0.405978	0.406314	0.4061	1.8060	1.8870	0.9571	RESOLVED	KEEP
bobp_AutoFocus_20260626_215910_attempt01	A	0.00	1	9	0.237068	0.237261	0.2372	2.2710	2.2150	1.0253	INERT	REJECT
bobp_AutoFocus_20260626_215910_attempt01	A	0.00	2	8	0.144717	0.14482	0.1448	3.3260	2.1270	1.5637	INERT	REJECT
bobp_AutoFocus_20260626_215910_attempt01	A	0.00	3	7	0.131156	0.131444	0.1313	1.1120	2.0200	0.5505	INERT	KEEP
bobp_AutoFocus_20260626_215910_attempt01	A	0.25	1	9	0.237068	0.237261	0.2372	2.2710	2.2150	1.0253	RESOLVED	KEEP
bobp_AutoFocus_20260626_215910_attempt01	A	0.50	1	9	0.237068	0.237261	0.2372	2.2710	2.2150	1.0253	RESOLVED	KEEP
bobp_AutoFocus_20260626_215910_attempt01	A	1.00	1	9	0.237068	0.237261	0.2372	2.2710	2.2150	1.0253	RESOLVED	KEEP
bobp_AutoFocus_20260626_215910_attempt01	B	0.50	1	9	0.237068	0.237261	0.2372	2.2710	2.2150	1.0253	INERT	REJECT
bobp_AutoFocus_20260626_215910_attempt01	B	0.50	2	8	0.144717	0.14482	0.1448	3.3260	2.1270	1.5637	INERT	REJECT
bobp_AutoFocus_20260626_215910_attempt01	B	0.50	3	7	0.131156	0.131444	0.1313	1.1120	2.0200	0.5505	INERT	KEEP
bobp_AutoFocus_20260626_215910_attempt01	B	1.00	1	9	0.237068	0.237261	0.2372	2.2710	2.2150	1.0253	RESOLVED	REJECT
bobp_AutoFocus_20260626_215910_attempt01	B	1.00	2	8	0.144717	0.14482	0.1448	3.3260	2.1270	1.5637	RESOLVED	KEEP
bobp_m101_AutoFocus_20260626_225408_attempt01	A	0.00	1	10	0.24203	0.242185	0.2421	1.7670	2.2900	0.7716	INERT	KEEP
bobp_m101_AutoFocus_20260626_225408_attempt01	A	0.25	1	10	0.24203	0.242185	0.2421	1.7670	2.2900	0.7716	RESOLVED	KEEP
bobp_m101_AutoFocus_20260626_225408_attempt01	A	0.50	1	10	0.24203	0.242185	0.2421	1.7670	2.2900	0.7716	RESOLVED	KEEP
bobp_m101_AutoFocus_20260626_225408_attempt01	A	1.00	1	10	0.24203	0.242185	0.2421	1.7670	2.2900	0.7716	RESOLVED	KEEP
bobp_m101_AutoFocus_20260626_225408_attempt01	B	0.50	1	10	0.24203	0.242185	0.2421	1.7670	2.2900	0.7716	INERT	KEEP
bobp_m101_AutoFocus_20260626_225408_attempt01	B	1.00	1	10	0.24203	0.242185	0.2421	1.7670	2.2900	0.7716	RESOLVED	KEEP
caboose_AutoFocus_20220803_211249_attempt01	A	0.00	1	7	1.47238e-05	1.4848e-05	0.0000	1609.6410	2.0200	796.8520	INERT	REJECT
caboose_AutoFocus_20220803_211249_attempt01	A	0.00	2	6	4.12248e-06	4.22182e-06	0.0000	2013.3500	1.8870	1066.9581	INERT	REJECT
caboose_AutoFocus_20220803_211249_attempt01	A	0.00	3	5	0	4.11946e-05	0.0000	2.4280	1.7150	1.4157	INERT	REJECT
caboose_AutoFocus_20220803_211249_attempt01	A	0.25	1	7	1.47238e-05	1.4848e-05	0.0000	1609.6410	2.0200	796.8520	RESOLVED	KEEP
caboose_AutoFocus_20220803_211249_attempt01	A	0.50	1	7	1.47238e-05	1.4848e-05	0.0000	1609.6410	2.0200	796.8520	RESOLVED	KEEP
caboose_AutoFocus_20220803_211249_attempt01	A	1.00	1	7	1.47238e-05	1.4848e-05	0.0000	1609.6410	2.0200	796.8520	RESOLVED	KEEP
caboose_AutoFocus_20220803_211249_attempt01	B	0.50	1	7	1.47238e-05	1.4848e-05	0.0000	1609.6410	2.0200	796.8520	INERT	REJECT
caboose_AutoFocus_20220803_211249_attempt01	B	0.50	2	6	4.12248e-06	4.22182e-06	0.0000	2013.3500	1.8870	1066.9581	RESOLVED	REJECT
caboose_AutoFocus_20220803_211249_attempt01	B	0.50	3	5	0	4.11946e-05	0.0000	2.4280	1.7150	1.4157	UNRESOLVABLE_FROM_ARTIFACT	-
caboose_AutoFocus_20220803_211249_attempt01	B	1.00	1	7	1.47238e-05	1.4848e-05	0.0000	1609.6410	2.0200	796.8520	RESOLVED	REJECT
caboose_AutoFocus_20220803_211249_attempt01	B	1.00	2	6	4.12248e-06	4.22182e-06	0.0000	2013.3500	1.8870	1066.9581	RESOLVED	REJECT
caboose_AutoFocus_20220803_211249_attempt01	B	1.00	3	5	0	4.11946e-05	0.0000	2.4280	1.7150	1.4157	UNRESOLVABLE_FROM_ARTIFACT	-
cwhite_2026_AutoFocus_20260621_214312_attempt01	A	0.00	1	9	0.0118904	0.0118967	0.0119	26.5250	2.2150	11.9752	INERT	REJECT
cwhite_2026_AutoFocus_20260621_214312_attempt01	A	0.00	2	8	0.00943547	0.00944178	0.0094	33.2040	2.1270	15.6107	INERT	REJECT
cwhite_2026_AutoFocus_20260621_214312_attempt01	A	0.00	3	7	0.00639269	0.00644714	0.0064	1.4700	2.0200	0.7277	INERT	KEEP
cwhite_2026_AutoFocus_20260621_214312_attempt01	A	0.25	1	9	0.0118904	0.0118967	0.0119	26.5250	2.2150	11.9752	RESOLVED	KEEP
cwhite_2026_AutoFocus_20260621_214312_attempt01	A	0.50	1	9	0.0118904	0.0118967	0.0119	26.5250	2.2150	11.9752	RESOLVED	KEEP
cwhite_2026_AutoFocus_20260621_214312_attempt01	A	1.00	1	9	0.0118904	0.0118967	0.0119	26.5250	2.2150	11.9752	RESOLVED	KEEP
cwhite_2026_AutoFocus_20260621_214312_attempt01	B	0.50	1	9	0.0118904	0.0118967	0.0119	26.5250	2.2150	11.9752	INERT	REJECT
cwhite_2026_AutoFocus_20260621_214312_attempt01	B	0.50	2	8	0.00943547	0.00944178	0.0094	33.2040	2.1270	15.6107	INERT	REJECT
cwhite_2026_AutoFocus_20260621_214312_attempt01	B	0.50	3	7	0.00639269	0.00644714	0.0064	1.4700	2.0200	0.7277	INERT	KEEP
cwhite_2026_AutoFocus_20260621_214312_attempt01	B	1.00	1	9	0.0118904	0.0118967	0.0119	26.5250	2.2150	11.9752	RESOLVED	REJECT
cwhite_2026_AutoFocus_20260621_214312_attempt01	B	1.00	2	8	0.00943547	0.00944178	0.0094	33.2040	2.1270	15.6107	RESOLVED	REJECT
cwhite_2026_AutoFocus_20260621_214312_attempt01	B	1.00	3	7	0.00639269	0.00644714	0.0064	1.4700	2.0200	0.7277	RESOLVED	KEEP
fmeschia_Focus_AutoFocus_20220422_220015_attempt01	A	0.00	1	9	0.117162	0.117282	0.1172	2.6420	2.2150	1.1928	INERT	REJECT
fmeschia_Focus_AutoFocus_20220422_220015_attempt01	A	0.00	2	8	0.113289	0.113455	0.1134	1.2380	2.1270	0.5820	INERT	KEEP
fmeschia_Focus_AutoFocus_20220422_220015_attempt01	A	0.25	1	9	0.117162	0.117282	0.1172	2.6420	2.2150	1.1928	RESOLVED	KEEP
fmeschia_Focus_AutoFocus_20220422_220015_attempt01	A	0.50	1	9	0.117162	0.117282	0.1172	2.6420	2.2150	1.1928	RESOLVED	KEEP
fmeschia_Focus_AutoFocus_20220422_220015_attempt01	A	1.00	1	9	0.117162	0.117282	0.1172	2.6420	2.2150	1.1928	RESOLVED	KEEP
fmeschia_Focus_AutoFocus_20220422_220015_attempt01	B	0.50	1	9	0.117162	0.117282	0.1172	2.6420	2.2150	1.1928	INERT	REJECT
fmeschia_Focus_AutoFocus_20220422_220015_attempt01	B	0.50	2	8	0.113289	0.113455	0.1134	1.2380	2.1270	0.5820	INERT	KEEP
fmeschia_Focus_AutoFocus_20220422_220015_attempt01	B	1.00	1	9	0.117162	0.117282	0.1172	2.6420	2.2150	1.1928	RESOLVED	REJECT
fmeschia_Focus_AutoFocus_20220422_220015_attempt01	B	1.00	2	8	0.113289	0.113455	0.1134	1.2380	2.1270	0.5820	RESOLVED	KEEP
lumos_AutoFocus_20260708_231255_attempt01	A	0.00	1	9	0.403422	0.403571	0.4035	2.6970	2.2150	1.2176	INERT	REJECT
lumos_AutoFocus_20260708_231255_attempt01	A	0.00	2	8	0.295788	0.295936	0.2958	3.3350	2.1270	1.5679	INERT	REJECT
lumos_AutoFocus_20260708_231255_attempt01	A	0.00	3	7	0.258314	0.25851	0.2584	2.3420	2.0200	1.1594	INERT	REJECT
lumos_AutoFocus_20260708_231255_attempt01	A	0.25	1	9	0.403422	0.403571	0.4035	2.6970	2.2150	1.2176	INERT	REJECT
lumos_AutoFocus_20260708_231255_attempt01	A	0.25	2	8	0.295788	0.295936	0.2958	3.3350	2.1270	1.5679	INERT	REJECT
lumos_AutoFocus_20260708_231255_attempt01	A	0.25	3	7	0.258314	0.25851	0.2584	2.3420	2.0200	1.1594	INERT	REJECT
lumos_AutoFocus_20260708_231255_attempt01	A	0.50	1	9	0.403422	0.403571	0.4035	2.6970	2.2150	1.2176	RESOLVED	KEEP
lumos_AutoFocus_20260708_231255_attempt01	A	1.00	1	9	0.403422	0.403571	0.4035	2.6970	2.2150	1.2176	RESOLVED	KEEP
lumos_AutoFocus_20260708_231255_attempt01	B	0.50	1	9	0.403422	0.403571	0.4035	2.6970	2.2150	1.2176	INERT	REJECT
lumos_AutoFocus_20260708_231255_attempt01	B	0.50	2	8	0.295788	0.295936	0.2958	3.3350	2.1270	1.5679	INERT	REJECT
lumos_AutoFocus_20260708_231255_attempt01	B	0.50	3	7	0.258314	0.25851	0.2584	2.3420	2.0200	1.1594	INERT	REJECT
lumos_AutoFocus_20260708_231255_attempt01	B	1.00	1	9	0.403422	0.403571	0.4035	2.6970	2.2150	1.2176	RESOLVED	REJECT
lumos_AutoFocus_20260708_231255_attempt01	B	1.00	2	8	0.295788	0.295936	0.2958	3.3350	2.1270	1.5679	RESOLVED	REJECT
lumos_AutoFocus_20260708_231255_attempt01	B	1.00	3	7	0.258314	0.25851	0.2584	2.3420	2.0200	1.1594	RESOLVED	KEEP
mccomiskey_attempt01	A	0.00	1	9	0.00564058	0.00564285	0.0056	63.2400	2.2150	28.5508	INERT	REJECT
mccomiskey_attempt01	A	0.00	2	8	1.4051e-06	1.406e-06	0.0000	223400.2650	2.1270	105030.6841	INERT	REJECT
mccomiskey_attempt01	A	0.00	3	7	1.30401e-07	1.30729e-07	0.0000	449020.3010	2.0200	222287.2777	INERT	REJECT
mccomiskey_attempt01	A	0.25	1	9	0.00564058	0.00564285	0.0056	63.2400	2.2150	28.5508	RESOLVED	KEEP
mccomiskey_attempt01	A	0.50	1	9	0.00564058	0.00564285	0.0056	63.2400	2.2150	28.5508	RESOLVED	KEEP
mccomiskey_attempt01	A	1.00	1	9	0.00564058	0.00564285	0.0056	63.2400	2.2150	28.5508	RESOLVED	KEEP
mccomiskey_attempt01	B	0.50	1	9	0.00564058	0.00564285	0.0056	63.2400	2.2150	28.5508	INERT	REJECT
mccomiskey_attempt01	B	0.50	2	8	1.4051e-06	1.406e-06	0.0000	223400.2650	2.1270	105030.6841	RESOLVED	REJECT
mccomiskey_attempt01	B	0.50	3	7	1.30401e-07	1.30729e-07	0.0000	449020.3010	2.0200	222287.2777	RESOLVED	REJECT
mccomiskey_attempt01	B	1.00	1	9	0.00564058	0.00564285	0.0056	63.2400	2.2150	28.5508	RESOLVED	REJECT
mccomiskey_attempt01	B	1.00	2	8	1.4051e-06	1.406e-06	0.0000	223400.2650	2.1270	105030.6841	RESOLVED	REJECT
mccomiskey_attempt01	B	1.00	3	7	1.30401e-07	1.30729e-07	0.0000	449020.3010	2.0200	222287.2777	RESOLVED	REJECT
mufti_AutoFocus_20260607_030642-20260615T214722Z-3-001_attempt01	A	0.00	1	7	0.174477	0.174618	0.1746	2.6520	2.0200	1.3129	INERT	REJECT
mufti_AutoFocus_20260607_030642-20260615T214722Z-3-001_attempt01	A	0.00	2	6	0.133428	0.133538	0.1335	2.1070	1.8870	1.1166	INERT	REJECT
mufti_AutoFocus_20260607_030642-20260615T214722Z-3-001_attempt01	A	0.00	3	5	0.10467	0.104879	0.1048	0.8920	1.7150	0.5201	INERT	KEEP
mufti_AutoFocus_20260607_030642-20260615T214722Z-3-001_attempt01	A	0.25	1	7	0.174477	0.174618	0.1746	2.6520	2.0200	1.3129	RESOLVED	KEEP
mufti_AutoFocus_20260607_030642-20260615T214722Z-3-001_attempt01	A	0.50	1	7	0.174477	0.174618	0.1746	2.6520	2.0200	1.3129	RESOLVED	KEEP
mufti_AutoFocus_20260607_030642-20260615T214722Z-3-001_attempt01	A	1.00	1	7	0.174477	0.174618	0.1746	2.6520	2.0200	1.3129	RESOLVED	KEEP
mufti_AutoFocus_20260607_030642-20260615T214722Z-3-001_attempt01	B	0.50	1	7	0.174477	0.174618	0.1746	2.6520	2.0200	1.3129	INERT	REJECT
mufti_AutoFocus_20260607_030642-20260615T214722Z-3-001_attempt01	B	0.50	2	6	0.133428	0.133538	0.1335	2.1070	1.8870	1.1166	INERT	REJECT
mufti_AutoFocus_20260607_030642-20260615T214722Z-3-001_attempt01	B	0.50	3	5	0.10467	0.104879	0.1048	0.8920	1.7150	0.5201	INERT	KEEP
mufti_AutoFocus_20260607_030642-20260615T214722Z-3-001_attempt01	B	1.00	1	7	0.174477	0.174618	0.1746	2.6520	2.0200	1.3129	RESOLVED	REJECT
mufti_AutoFocus_20260607_030642-20260615T214722Z-3-001_attempt01	B	1.00	2	6	0.133428	0.133538	0.1335	2.1070	1.8870	1.1166	RESOLVED	KEEP
muggsie_AutoFocus_20220526_025003_attempt01	A	0.00	1	9	0.322835	0.323164	0.3230	1.5870	2.2150	0.7165	INERT	KEEP
muggsie_AutoFocus_20220526_025003_attempt01	A	0.25	1	9	0.322835	0.323164	0.3230	1.5870	2.2150	0.7165	INERT	KEEP
muggsie_AutoFocus_20220526_025003_attempt01	A	0.50	1	9	0.322835	0.323164	0.3230	1.5870	2.2150	0.7165	RESOLVED	KEEP
muggsie_AutoFocus_20220526_025003_attempt01	A	1.00	1	9	0.322835	0.323164	0.3230	1.5870	2.2150	0.7165	RESOLVED	KEEP
muggsie_AutoFocus_20220526_025003_attempt01	B	0.50	1	9	0.322835	0.323164	0.3230	1.5870	2.2150	0.7165	INERT	KEEP
muggsie_AutoFocus_20220526_025003_attempt01	B	1.00	1	9	0.322835	0.323164	0.3230	1.5870	2.2150	0.7165	RESOLVED	KEEP
standard_example1_attempt01	A	0.00	1	8	0.273605	0.273912	0.2737	1.5280	2.1270	0.7184	INERT	KEEP
standard_example1_attempt01	A	0.25	1	8	0.273605	0.273912	0.2737	1.5280	2.1270	0.7184	INERT	KEEP
standard_example1_attempt01	A	0.50	1	8	0.273605	0.273912	0.2737	1.5280	2.1270	0.7184	RESOLVED	KEEP
standard_example1_attempt01	A	1.00	1	8	0.273605	0.273912	0.2737	1.5280	2.1270	0.7184	RESOLVED	KEEP
standard_example1_attempt01	B	0.50	1	8	0.273605	0.273912	0.2737	1.5280	2.1270	0.7184	INERT	KEEP
standard_example1_attempt01	B	1.00	1	8	0.273605	0.273912	0.2737	1.5280	2.1270	0.7184	RESOLVED	KEEP
timmer_5_AutoFocus_20260614_021244_attempt01	A	0.00	1	9	0.111873	0.111968	0.1119	3.2800	2.2150	1.4808	INERT	REJECT
timmer_5_AutoFocus_20260614_021244_attempt01	A	0.00	2	8	0.0153699	0.0153974	0.0154	7.8460	2.1270	3.6888	INERT	REJECT
timmer_5_AutoFocus_20260614_021244_attempt01	A	0.00	3	7	0.00343369	0.00344336	0.0034	9.7930	2.0200	4.8480	INERT	REJECT
timmer_5_AutoFocus_20260614_021244_attempt01	A	0.25	1	9	0.111873	0.111968	0.1119	3.2800	2.2150	1.4808	RESOLVED	KEEP
timmer_5_AutoFocus_20260614_021244_attempt01	A	0.50	1	9	0.111873	0.111968	0.1119	3.2800	2.2150	1.4808	RESOLVED	KEEP
timmer_5_AutoFocus_20260614_021244_attempt01	A	1.00	1	9	0.111873	0.111968	0.1119	3.2800	2.2150	1.4808	RESOLVED	KEEP
timmer_5_AutoFocus_20260614_021244_attempt01	B	0.50	1	9	0.111873	0.111968	0.1119	3.2800	2.2150	1.4808	INERT	REJECT
timmer_5_AutoFocus_20260614_021244_attempt01	B	0.50	2	8	0.0153699	0.0153974	0.0154	7.8460	2.1270	3.6888	RESOLVED	REJECT
timmer_5_AutoFocus_20260614_021244_attempt01	B	0.50	3	7	0.00343369	0.00344336	0.0034	9.7930	2.0200	4.8480	RESOLVED	KEEP
timmer_5_AutoFocus_20260614_021244_attempt01	B	1.00	1	9	0.111873	0.111968	0.1119	3.2800	2.2150	1.4808	RESOLVED	REJECT
timmer_5_AutoFocus_20260614_021244_attempt01	B	1.00	2	8	0.0153699	0.0153974	0.0154	7.8460	2.1270	3.6888	RESOLVED	KEEP
toml999_attempt01	A	0.00	1	9	0.0365338	0.0365506	0.0365	12.0490	2.2150	5.4397	INERT	REJECT
toml999_attempt01	A	0.00	2	8	0.0847112	0.0848176	0.0848	1.7690	2.1270	0.8317	INERT	KEEP
toml999_attempt01	A	0.25	1	9	0.0365338	0.0365506	0.0365	12.0490	2.2150	5.4397	RESOLVED	KEEP
toml999_attempt01	A	0.50	1	9	0.0365338	0.0365506	0.0365	12.0490	2.2150	5.4397	RESOLVED	KEEP
toml999_attempt01	A	1.00	1	9	0.0365338	0.0365506	0.0365	12.0490	2.2150	5.4397	RESOLVED	KEEP
toml999_attempt01	B	0.50	1	9	0.0365338	0.0365506	0.0365	12.0490	2.2150	5.4397	INERT	REJECT
toml999_attempt01	B	0.50	2	8	0.0847112	0.0848176	0.0848	1.7690	2.1270	0.8317	INERT	KEEP
toml999_attempt01	B	1.00	1	9	0.0365338	0.0365506	0.0365	12.0490	2.2150	5.4397	RESOLVED	REJECT
toml999_attempt01	B	1.00	2	8	0.0847112	0.0848176	0.0848	1.7690	2.1270	0.8317	INERT	KEEP
uneven_attempt01	A	0.00	1	10	0.131546	0.131824	0.1317	1.1930	2.2900	0.5210	INERT	KEEP
uneven_attempt01	A	0.25	1	10	0.131546	0.131824	0.1317	1.1930	2.2900	0.5210	RESOLVED	KEEP
uneven_attempt01	A	0.50	1	10	0.131546	0.131824	0.1317	1.1930	2.2900	0.5210	RESOLVED	KEEP
uneven_attempt01	A	1.00	1	10	0.131546	0.131824	0.1317	1.1930	2.2900	0.5210	RESOLVED	KEEP
uneven_attempt01	B	0.50	1	10	0.131546	0.131824	0.1317	1.1930	2.2900	0.5210	INERT	KEEP
uneven_attempt01	B	1.00	1	10	0.131546	0.131824	0.1317	1.1930	2.2900	0.5210	RESOLVED	KEEP
vsn07_AutoFocus_20260714_213204_attempt01	A	0.00	1	7	0.241663	0.242004	0.2419	1.2980	2.0200	0.6426	INERT	KEEP
vsn07_AutoFocus_20260714_213204_attempt01	A	0.25	1	7	0.241663	0.242004	0.2419	1.2980	2.0200	0.6426	RESOLVED	KEEP
vsn07_AutoFocus_20260714_213204_attempt01	A	0.50	1	7	0.241663	0.242004	0.2419	1.2980	2.0200	0.6426	RESOLVED	KEEP
vsn07_AutoFocus_20260714_213204_attempt01	A	1.00	1	7	0.241663	0.242004	0.2419	1.2980	2.0200	0.6426	RESOLVED	KEEP
vsn07_AutoFocus_20260714_213204_attempt01	B	0.50	1	7	0.241663	0.242004	0.2419	1.2980	2.0200	0.6426	INERT	KEEP
vsn07_AutoFocus_20260714_213204_attempt01	B	1.00	1	7	0.241663	0.242004	0.2419	1.2980	2.0200	0.6426	RESOLVED	KEEP
